index,time_ms,adc_raw,filtered,gt_label,pc_prediction,esp32_prediction,round_trip_ms
0,1,2063,257,0,-1,-1,0.0
1,1,2044,513,0,-1,-1,0.0
2,1,2067,771,0,-1,-1,0.0
3,1,2094,1033,0,-1,-1,0.0
4,1,2041,1288,0,-1,-1,0.0
5,1,2042,1543,0,-1,-1,0.0
6,1,2096,1805,0,-1,-1,0.0
7,1,2072,2064,0,-1,-1,0.0
8,1,2036,2061,0,-1,-1,0.0
9,1,2066,2064,0,-1,-1,0.0
10,1,2037,2060,0,-1,-1,0.0
11,1,2037,2053,0,-1,-1,0.0
12,1,2060,2055,0,-1,-1,0.0
13,1,1996,2050,0,-1,-1,0.0
14,1,2003,2038,0,-1,-1,0.0
15,1,2039,2034,0,-1,-1,0.0
16,1,2027,2033,0,-1,-1,0.0
17,1,2068,2033,0,-1,-1,0.0
18,1,2034,2033,0,-1,-1,0.0
19,1,2021,2031,0,-1,-1,0.0
20,1,2109,2037,0,-1,-1,0.0
21,1,2061,2045,0,-1,-1,0.0
22,1,2073,2054,0,-1,-1,0.0
23,1,2031,2053,0,-1,-1,0.0
24,1,2061,2057,0,-1,-1,0.0
25,1,2084,2059,0,-1,-1,0.0
26,2,2049,2061,0,-1,-1,0.0
27,2,2099,2070,0,-1,-1,0.0
28,2,2073,2066,0,-1,-1,0.0
29,2,2087,2069,0,-1,-1,0.0
30,2,2081,2070,0,-1,-1,0.0
31,2,2159,2086,0,-1,-1,0.0
32,2,2106,2092,0,-1,-1,0.0
33,2,2079,2091,0,-1,-1,0.0
34,2,2138,2102,0,-1,-1,0.0
35,2,2080,2100,0,-1,-1,0.0
36,2,2126,2107,0,-1,-1,0.0
37,2,2063,2104,0,-1,-1,0.0
38,2,2084,2104,0,-1,-1,0.0
39,2,2132,2101,0,-1,-1,0.0
40,2,2149,2106,0,-1,-1,0.0
41,2,2133,2113,0,-1,-1,0.0
42,2,2124,2111,0,-1,-1,0.0
43,2,2118,2116,0,-1,-1,0.0
44,2,2082,2110,0,-1,-1,0.0
45,2,2103,2115,0,-1,-1,0.0
46,2,2109,2118,0,-1,-1,0.0
47,2,2152,2121,0,-1,-1,0.0
48,2,2128,2118,0,-1,-1,0.0
49,2,2062,2109,0,-1,-1,0.0
50,2,2121,2109,0,-1,-1,0.0
51,2,2096,2106,0,-1,-1,0.0
52,2,2084,2106,0,-1,-1,0.0
53,2,2119,2108,0,-1,-1,0.0
54,2,2128,2111,0,-1,-1,0.0
55,2,2121,2107,0,-1,-1,0.0
56,2,2064,2099,0,-1,-1,0.0
57,2,2076,2101,0,-1,-1,0.0
58,2,2092,2097,0,-1,-1,0.0
59,2,2107,2098,0,-1,-1,0.0
60,2,2060,2095,0,-1,-1,0.0
61,2,2066,2089,0,-1,-1,0.0
62,2,2036,2077,0,-1,-1,0.0
63,3,2030,2066,0,-1,-1,0.0
64,3,2088,2069,0,-1,-1,0.0
65,3,2102,2072,0,-1,-1,0.0
66,3,2057,2068,0,-1,-1,0.0
67,3,2088,2065,0,-1,-1,0.0
68,3,2067,2066,0,-1,-1,0.0
69,3,2035,2062,0,-1,-1,0.0
70,3,2064,2066,0,-1,-1,0.0
71,3,2099,2075,0,-1,-1,0.0
72,3,2051,2070,0,-1,-1,0.0
73,3,2098,2069,0,-1,-1,0.0
74,3,1972,2059,0,-1,-1,0.0
75,3,2074,2057,0,-1,-1,0.0
76,3,2052,2055,0,-1,-1,0.0
77,3,2039,2056,0,-1,-1,0.0
78,3,2050,2054,0,-1,-1,0.0
79,3,1987,2040,0,-1,-1,0.0
80,3,2038,2038,0,-1,-1,0.0
81,3,2053,2033,0,-1,-1,0.0
82,3,2084,2047,0,-1,-1,0.0
83,3,2021,2040,0,-1,-1,0.0
84,3,2008,2035,0,-1,-1,0.0
85,3,2013,2031,0,-1,-1,0.0
86,3,2052,2032,0,-1,-1,0.0
87,3,2032,2037,0,-1,-1,0.0
88,3,2007,2033,0,-1,-1,0.0
89,3,2043,2032,0,-1,-1,0.0
90,3,2040,2027,0,-1,-1,0.0
91,3,2082,2034,0,-1,-1,0.0
92,3,2057,2040,0,-1,-1,0.0
93,3,2101,2051,0,-1,-1,0.0
94,3,2142,2063,0,-1,-1,0.0
95,3,2160,2079,0,-1,-1,0.0
96,3,2271,2112,0,-1,-1,0.0
97,3,2332,2148,0,-1,-1,0.0
98,3,2389,2191,0,-1,-1,0.0
99,3,2446,2237,0,-1,-1,0.0
100,3,2469,2288,0,-1,-1,0.0
101,4,2550,2344,0,-1,-1,0.0
102,4,2591,2401,0,-1,-1,0.0
103,4,2602,2456,0,-1,-1,0.0
104,4,2630,2501,0,-1,-1,0.0
105,4,2638,2539,0,-1,-1,0.0
106,4,2658,2573,0,-1,-1,0.0
107,4,2566,2588,0,-1,-1,0.0
108,4,2516,2593,0,-1,-1,0.0
109,4,2445,2580,0,-1,-1,0.0
110,4,2323,2547,0,-1,-1,0.0
111,4,2314,2511,0,-1,-1,0.0
112,4,2253,2464,0,-1,-1,0.0
113,4,2268,2417,0,-1,-1,0.0
114,4,2140,2353,0,-1,-1,0.0
115,4,2116,2296,0,-1,-1,0.0
116,4,2077,2242,0,-1,-1,0.0
117,4,2024,2189,0,-1,-1,0.0
118,4,2082,2159,0,-1,-1,0.0
119,4,2065,2128,0,-1,-1,0.0
120,4,2066,2104,0,-1,-1,0.0
121,4,2018,2073,0,-1,-1,0.0
122,4,2091,2067,0,-1,-1,0.0
123,4,2012,2054,0,-1,-1,0.0
124,4,2077,2054,0,-1,-1,0.0
125,4,2131,2067,0,-1,-1,0.0
126,4,2040,2062,0,-1,-1,0.0
127,5,2057,2061,0,0,0,0.0
128,5,2082,2063,0,0,0,0.0
129,5,2068,2069,0,0,0,0.0
130,5,2042,2063,0,0,0,0.0
131,6,2095,2074,0,0,0,0.0
132,6,2066,2072,0,0,0,0.0
133,6,2117,2070,0,0,0,0.0
134,6,2081,2076,0,0,0,0.0
135,6,2160,2088,0,0,0,0.0
136,7,2096,2090,0,0,0,0.0
137,7,2116,2096,0,0,0,0.0
138,7,2156,2110,0,0,0,0.0
139,7,2101,2111,0,0,0,0.0
140,8,2150,2122,0,0,0,0.0
141,8,2189,2131,0,0,0,0.0
142,8,2107,2134,0,0,0,0.0
143,8,2167,2135,0,0,0,0.0
144,8,2175,2145,0,0,0,0.0
145,9,2195,2155,0,0,0,0.0
146,9,2140,2153,0,0,0,0.0
147,9,2142,2158,0,0,0,0.0
148,9,2201,2164,0,0,0,0.0
149,9,2198,2165,0,0,0,0.0
150,10,2199,2177,0,0,0,0.0
151,10,2205,2181,0,0,0,0.0
152,10,2176,2182,0,0,0,0.0
153,11,2204,2183,0,0,0,0.0
154,11,2206,2191,0,0,0,0.0
155,11,2176,2195,0,0,0,0.0
156,11,2252,2202,0,0,0,0.0
157,12,2209,2203,0,0,0,0.0
158,12,2157,2198,0,0,0,0.0
159,12,2210,2198,0,0,0,0.0
160,12,2157,2196,0,0,0,0.0
161,12,2206,2196,0,0,0,0.0
162,13,2213,2197,0,0,0,0.0
163,13,2149,2194,0,0,0,0.0
164,13,2197,2187,0,0,0,0.0
165,13,2175,2183,0,0,0,0.0
166,13,2182,2186,0,0,0,0.0
167,14,2208,2185,0,0,0,0.0
168,14,2138,2183,0,0,0,0.0
169,14,2117,2172,0,0,0,0.0
170,14,2107,2159,0,0,0,0.0
171,14,2103,2153,0,0,0,0.0
172,15,2119,2143,0,0,0,0.0
173,15,2126,2137,0,0,0,0.0
174,15,2118,2129,0,0,0,0.0
175,15,2129,2119,0,0,0,0.0
176,16,2100,2114,0,0,0,0.0
177,16,2138,2117,0,0,0,0.0
178,16,2082,2114,0,0,0,0.0
179,17,2167,2122,0,0,0,0.0
180,17,2100,2120,0,0,0,0.0
181,17,2052,2110,0,0,0,0.0
182,17,2042,2101,0,0,0,0.0
183,17,2086,2095,0,0,0,0.0
184,18,2062,2091,0,0,0,0.0
185,18,2087,2084,0,0,0,0.0
186,18,2077,2084,0,0,0,0.0
187,18,2059,2070,0,0,0,0.0
188,18,2034,2062,0,0,0,0.0
189,19,2012,2057,0,0,0,0.0
190,19,2043,2057,0,0,0,0.0
191,19,2081,2056,0,0,0,0.0
192,19,2060,2056,0,0,0,0.0
193,20,2015,2047,0,0,0,0.0
194,20,2057,2045,0,0,0,0.0
195,20,2063,2045,0,0,0,0.0
196,20,2024,2044,0,0,0,0.0
197,20,2055,2049,0,0,0,0.0
198,21,2051,2050,0,0,0,0.0
199,21,2015,2042,0,0,0,0.0
200,21,2060,2042,0,0,0,0.0
201,21,2065,2048,0,0,0,0.0
202,22,2081,2051,0,0,0,0.0
203,22,2080,2053,0,0,0,0.0
204,22,2007,2051,0,0,0,0.0
205,23,2020,2047,0,0,0,0.0
206,23,2063,2048,0,0,0,0.0
207,23,2063,2054,0,0,0,0.0
208,23,2063,2055,0,0,0,0.0
209,23,2163,2067,0,0,0,0.0
210,24,2065,2065,0,0,0,0.0
211,24,2082,2065,0,0,0,0.0
212,24,2077,2074,0,0,0,0.0
213,24,2068,2080,0,0,0,0.0
214,25,2039,2077,0,0,0,0.0
215,25,2072,2078,0,0,0,0.0
216,25,2026,2074,0,0,0,0.0
217,25,2043,2059,0,0,0,0.0
218,26,2036,2055,0,0,0,0.0
219,26,2054,2051,0,0,0,0.0
220,26,2121,2057,0,0,0,0.0
221,26,1997,2048,0,0,0,0.0
222,27,2075,2053,0,0,0,0.0
223,27,2007,2044,0,0,0,0.0
224,27,2043,2047,0,0,0,0.0
225,27,2091,2053,0,0,0,0.0
226,28,2062,2056,0,0,0,0.0
227,28,2030,2053,0,0,0,0.0
228,28,2043,2043,0,0,0,0.0
229,29,2087,2054,0,0,0,0.0
230,29,2048,2051,0,0,0,0.0
231,29,2079,2060,0,0,0,0.0
232,29,2077,2064,0,0,0,0.0
233,30,2060,2060,0,0,0,0.0
234,30,2147,2071,0,0,0,0.0
235,30,2105,2080,0,0,0,0.0
236,30,2029,2079,0,0,0,0.0
237,31,2100,2080,0,0,0,0.0
238,31,2078,2084,0,0,0,0.0
239,31,2127,2090,0,0,0,0.0
240,31,2082,2091,0,0,0,0.0
241,32,2106,2096,0,0,0,0.0
242,32,2128,2094,0,0,0,0.0
243,32,2142,2099,0,0,0,0.0
244,32,2083,2105,0,0,0,0.0
245,33,2111,2107,0,0,0,0.0
246,33,2109,2111,0,0,0,0.0
247,33,2106,2108,0,0,0,0.0
248,33,2179,2120,0,0,0,0.0
249,34,2139,2124,0,0,0,0.0
250,34,2090,2119,0,0,0,0.0
251,34,2155,2121,0,0,0,0.0
252,35,2190,2134,0,0,0,0.0
253,35,2156,2140,0,0,0,0.0
254,35,2078,2136,0,0,0,0.0
255,35,2107,2136,0,0,0,0.0
256,36,2157,2134,0,0,0,0.0
257,36,2095,2128,0,0,0,0.0
258,36,2126,2133,0,0,0,0.0
259,36,2132,2130,0,0,0,0.0
260,37,2078,2116,0,0,0,0.0
261,37,2100,2109,0,0,0,0.0
262,37,2001,2099,0,0,0,0.0
263,37,2063,2094,0,0,0,0.0
264,38,2083,2084,0,0,0,0.0
265,38,2049,2079,0,0,0,0.0
266,38,2132,2079,0,0,0,0.0
267,38,2036,2067,0,0,0,0.0
268,39,2063,2065,0,0,0,0.0
269,39,2077,2063,0,0,0,0.0
270,39,2113,2077,0,0,0,0.0
271,39,2024,2072,0,0,0,0.0
272,40,2099,2074,0,0,0,0.0
273,40,2063,2075,0,0,0,0.0
274,40,2031,2063,0,0,0,0.0
275,40,2072,2067,0,0,0,0.0
276,41,2063,2067,0,0,0,0.0
277,41,2037,2062,0,0,0,0.0
278,42,2056,2055,0,0,0,0.0
279,42,2041,2057,0,0,0,0.0
280,42,2055,2052,0,0,0,0.0
281,43,2071,2053,0,0,0,0.0
282,43,2098,2061,0,0,0,0.0
283,43,2013,2054,0,0,0,0.0
284,43,2113,2060,0,0,0,0.0
285,44,1990,2054,0,0,0,0.0
286,44,2043,2053,0,0,0,0.0
287,44,2064,2055,0,0,0,0.0
288,44,2054,2055,0,0,0,0.0
289,45,2025,2050,0,0,0,0.0
290,45,2035,2042,0,0,0,0.0
291,45,2023,2043,0,0,0,0.0
292,45,2016,2031,0,0,0,0.0
293,46,2055,2039,0,0,0,0.0
294,46,2037,2038,0,0,0,0.0
295,46,2002,2030,0,0,0,0.0
296,46,2049,2030,0,0,0,0.0
297,47,2034,2031,0,0,0,0.0
298,47,2057,2034,0,0,0,0.0
299,47,2066,2039,0,0,0,0.0
300,47,2044,2043,0,0,0,0.0
301,48,2082,2046,0,0,0,0.0
302,48,2161,2061,0,0,0,0.0
303,49,2205,2087,0,0,0,0.0
304,49,2241,2111,0,0,0,0.0
305,49,2307,2145,0,0,0,0.0
306,50,2406,2189,0,0,0,0.0
307,50,2414,2232,0,0,0,0.0
308,50,2509,2290,0,0,0,0.0
309,50,2541,2348,0,0,0,0.0
310,51,2584,2400,0,0,0,0.0
311,51,2653,2456,0,0,0,0.0
312,51,2659,2509,0,0,0,0.0
313,51,2655,2552,0,0,0,0.0
314,52,2650,2583,0,0,0,0.0
315,52,2576,2603,0,0,0,0.0
316,52,2547,2608,0,0,0,0.0
317,52,2459,2597,0,0,0,0.0
318,53,2413,2576,0,0,0,0.0
319,53,2333,2536,0,0,0,0.0
320,53,2275,2488,0,0,0,0.0
321,53,2230,2435,0,0,0,0.0
322,54,2136,2371,0,0,0,0.0
323,54,2182,2321,0,0,0,0.0
324,54,2057,2260,0,0,0,0.0
325,54,2028,2206,0,0,0,0.0
326,55,2086,2165,0,0,0,0.0
327,55,2068,2132,0,0,0,0.0
328,56,2061,2106,0,0,0,0.0
329,56,2063,2085,0,0,0,0.0
330,56,2047,2074,0,0,0,0.0
331,57,2026,2054,0,0,0,0.0
332,57,2060,2054,0,0,0,0.0
333,57,2043,2056,0,0,0,0.0
334,57,2097,2058,0,0,0,0.0
335,58,2068,2058,0,0,0,0.0
336,58,2053,2057,0,0,0,0.0
337,58,2072,2058,0,0,0,0.0
338,59,2099,2064,0,0,0,0.0
339,59,2074,2070,0,0,0,0.0
340,59,2071,2072,0,0,0,0.0
341,59,2108,2080,0,0,0,0.0
342,60,2114,2082,0,0,0,0.0
343,60,2097,2086,0,0,0,0.0
344,60,2103,2092,0,0,0,0.0
345,60,2130,2099,0,0,0,0.0
346,61,2086,2097,0,0,0,0.0
347,61,2093,2100,0,0,0,0.0
348,61,2120,2106,0,0,0,0.0
349,61,2141,2110,0,0,0,0.0
350,62,2163,2116,0,0,0,0.0
351,62,2204,2130,0,0,0,0.0
352,63,2191,2141,0,0,0,0.0
353,63,2165,2145,0,0,0,0.0
354,63,2175,2156,0,0,0,0.0
355,64,2150,2163,0,0,0,0.0
356,64,2184,2171,0,0,0,0.0
357,64,2179,2176,0,0,0,0.0
358,64,2201,2181,0,0,0,0.0
359,65,2169,2176,0,0,0,0.0
360,65,2211,2179,0,0,0,0.0
361,65,2243,2189,0,0,0,0.0
362,66,2194,2191,0,0,0,0.0
363,66,2209,2198,0,0,0,0.0
364,66,2217,2202,0,0,0,0.0
365,66,2183,2203,0,0,0,0.0
366,67,2200,2203,0,0,0,0.0
367,67,2191,2206,0,0,0,0.0
368,67,2191,2203,0,0,0,0.0
369,67,2161,2193,0,0,0,0.0
370,68,2181,2191,0,0,0,0.0
371,68,2190,2189,0,0,0,0.0
372,68,2214,2188,0,0,0,0.0
373,68,2194,2190,0,0,0,0.0
374,69,2224,2193,0,0,0,0.0
375,69,2130,2185,0,0,0,0.0
376,70,2174,2183,0,0,0,0.0
377,70,2147,2181,0,0,0,0.0
378,70,2201,2184,0,0,0,0.0
379,71,2105,2173,0,0,0,0.0
380,71,2098,2159,0,0,0,0.0
381,71,2100,2147,0,0,0,0.0
382,71,2048,2125,0,0,0,0.0
383,72,2091,2120,0,0,0,0.0
384,72,2078,2108,0,0,0,0.0
385,72,2101,2102,0,0,0,0.0
386,72,2102,2090,0,0,0,0.0
387,73,2143,2095,0,0,0,0.0
388,73,2111,2096,0,0,0,0.0
389,73,2062,2092,0,0,0,0.0
390,73,2048,2092,0,0,0,0.0
391,74,2087,2091,0,0,0,0.0
392,74,2030,2085,0,0,0,0.0
393,74,2121,2088,0,0,0,0.0
394,75,2099,2087,0,0,0,0.0
395,75,2048,2075,0,0,0,0.0
396,75,2008,2062,0,0,0,0.0
397,75,2099,2067,0,0,0,0.0
398,76,2053,2068,0,0,0,0.0
399,76,2092,2068,0,0,0,0.0
400,76,2006,2065,0,0,0,0.0
401,77,2035,2055,0,0,0,0.0
402,77,2052,2049,0,0,0,0.0
403,77,2053,2049,0,0,0,0.0
404,78,2037,2053,0,0,0,0.0
405,78,2069,2049,0,0,0,0.0
406,78,2018,2045,0,0,0,0.0
407,78,2045,2039,0,0,0,0.0
408,79,2053,2045,0,0,0,0.0
409,79,2064,2048,0,0,0,0.0
410,79,2070,2051,0,0,0,0.0
411,79,2015,2046,0,0,0,0.0
412,80,2002,2042,0,0,0,0.0
413,80,2086,2044,0,0,0,0.0
414,80,2058,2049,0,0,0,0.0
415,80,2025,2046,0,0,0,0.0
416,81,2094,2051,0,0,0,0.0
417,81,2051,2050,0,0,0,0.0
418,81,2083,2051,0,0,0,0.0
419,81,2050,2056,0,0,0,0.0
420,82,2110,2069,0,0,0,0.0
421,82,2101,2071,0,0,0,0.0
422,82,2041,2069,0,0,0,0.0
423,82,2078,2076,0,0,0,0.0
424,83,2069,2072,0,0,0,0.0
425,83,2091,2077,0,0,0,0.0
426,83,2021,2070,0,0,0,0.0
427,84,2072,2072,0,0,0,0.0
428,84,2083,2069,0,0,0,0.0
429,84,2000,2056,0,0,0,0.0
430,85,2018,2054,0,0,0,0.0
431,85,1994,2043,0,0,0,0.0
432,85,2048,2040,0,0,0,0.0
433,85,2079,2039,0,0,0,0.0
434,86,2105,2049,0,0,0,0.0
435,86,2064,2048,0,0,0,0.0
436,86,2113,2052,0,0,0,0.0
437,86,2025,2055,0,0,0,0.0
438,87,2018,2055,0,0,0,0.0
439,87,2070,2065,0,0,0,0.0
440,87,2086,2070,0,0,0,0.0
441,88,2077,2069,0,0,0,0.0
442,88,2020,2059,0,0,0,0.0
443,88,2083,2061,0,0,0,0.0
444,88,2050,2053,0,0,0,0.0
445,89,2113,2064,0,0,0,0.0
446,89,2108,2075,0,0,0,0.0
447,89,2072,2076,0,0,0,0.0
448,89,2089,2076,0,0,0,0.0
449,90,2076,2076,0,0,0,0.0
450,90,2110,2087,0,0,0,0.0
451,91,2144,2095,0,0,0,0.0
452,91,2088,2100,0,0,0,0.0
453,91,2136,2102,0,0,0,0.0
454,91,2107,2102,0,0,0,0.0
455,92,2101,2106,0,0,0,0.0
456,92,2123,2110,0,0,0,0.0
457,92,2096,2113,0,0,0,0.0
458,92,2111,2113,0,0,0,0.0
459,93,2091,2106,0,0,0,0.0
460,93,2186,2118,0,0,0,0.0
461,93,2127,2117,0,0,0,0.0
462,93,2103,2117,0,0,0,0.0
463,94,2129,2120,0,0,0,0.0
464,94,2116,2119,0,0,0,0.0
465,94,2110,2121,0,0,0,0.0
466,95,2132,2124,0,0,0,0.0
467,95,2133,2129,0,0,0,0.0
468,95,2091,2117,0,0,0,0.0
469,95,2086,2112,0,0,0,0.0
470,96,2091,2111,0,0,0,0.0
471,96,2026,2098,0,0,0,0.0
472,96,2046,2089,0,0,0,0.0
473,96,2129,2091,0,0,0,0.0
474,97,2133,2091,0,0,0,0.0
475,97,2073,2084,0,0,0,0.0
476,98,2094,2084,0,0,0,0.0
477,98,2083,2084,0,0,0,0.0
478,98,2163,2093,0,0,0,0.0
479,98,2101,2102,0,0,0,0.0
480,99,2061,2104,0,0,0,0.0
481,99,2034,2092,0,0,0,0.0
482,99,2013,2077,0,0,0,0.0
483,99,2065,2076,0,0,0,0.0
484,100,2035,2069,0,0,0,0.0
485,100,2013,2060,0,0,0,0.0
486,100,2035,2044,0,0,0,0.0
487,100,2021,2034,0,0,0,0.0
488,101,2103,2039,0,0,0,0.0
489,101,2078,2045,0,0,0,0.0
490,101,2050,2050,0,0,0,0.0
491,102,2094,2053,0,0,0,0.0
492,102,2052,2055,0,0,0,0.0
493,102,2023,2057,0,0,0,0.0
494,102,2094,2064,0,0,0,0.0
495,103,2063,2069,0,0,0,0.0
496,103,2015,2058,0,0,0,0.0
497,103,2038,2053,0,0,0,0.0
498,103,2015,2049,0,0,0,0.0
499,104,1997,2037,0,0,0,0.0
500,104,2063,2038,0,0,0,0.0
501,104,2088,2046,0,0,0,0.0
502,105,1985,2033,0,0,0,0.0
503,105,2041,2030,0,0,0,0.0
504,105,2003,2028,0,0,0,0.0
505,105,2009,2025,0,0,0,0.0
506,106,2012,2024,0,0,0,0.0
507,106,2016,2027,0,0,0,0.0
508,106,2062,2027,0,0,0,0.0
509,107,2063,2023,0,0,0,0.0
510,107,2132,2042,0,0,0,0.0
511,107,2168,2058,0,0,0,0.0
512,107,2215,2084,0,0,0,0.0
513,108,2255,2115,0,0,0,0.0
514,108,2329,2155,0,0,0,0.0
515,108,2433,2207,0,0,0,0.0
516,108,2488,2260,0,0,0,0.0
517,109,2500,2315,0,0,0,0.0
518,109,2580,2371,0,0,0,0.0
519,109,2634,2429,0,0,0,0.0
520,109,2581,2475,0,0,0,0.0
521,110,2650,2524,0,0,0,0.0
522,110,2600,2558,0,0,0,0.0
523,110,2606,2579,0,0,0,0.0
524,110,2522,2584,0,0,0,0.0
525,111,2434,2575,0,0,0,0.0
526,111,2376,2550,0,0,0,0.0
527,111,2360,2516,0,0,0,0.0
528,112,2301,2481,0,0,0,0.0
529,112,2204,2425,0,0,0,0.0
530,113,2196,2374,0,0,0,0.0
531,113,2082,2309,0,0,0,0.0
532,113,2095,2256,0,0,0,0.0
533,114,2035,2206,0,0,0,0.0
534,114,2035,2163,0,0,0,0.0
535,114,2047,2124,0,0,0,0.0
536,114,2016,2088,0,0,0,0.0
537,115,2032,2067,0,0,0,0.0
538,115,2077,2052,0,0,0,0.0
539,115,2034,2046,0,0,0,0.0
540,115,2081,2044,0,0,0,0.0
541,116,2028,2043,0,0,0,0.0
542,116,2082,2049,0,0,0,0.0
543,116,2115,2058,0,0,0,0.0
544,116,2002,2056,0,0,0,0.0
545,117,2057,2059,0,0,0,0.0
546,117,2102,2062,0,0,0,0.0
547,117,2084,2068,0,0,0,0.0
548,117,2106,2072,0,0,0,0.0
549,117,2081,2078,0,0,0,0.0
550,118,2107,2081,0,0,0,0.0
551,118,2105,2080,0,0,0,0.0
552,118,2151,2099,0,0,0,0.0
553,119,2129,2108,0,0,0,0.0
554,119,2138,2112,0,0,0,0.0
555,119,2121,2117,0,0,0,0.0
556,119,2125,2119,0,0,0,0.0
557,119,2133,2126,0,0,0,0.0
558,120,2163,2133,0,0,0,0.0
559,120,2145,2138,0,0,0,0.0
560,120,2172,2140,0,0,0,0.0
561,120,2231,2153,0,0,0,0.0
562,121,2200,2161,0,0,0,0.0
563,121,2169,2167,0,0,0,0.0
564,121,2219,2179,0,0,0,0.0
565,121,2174,2184,0,0,0,0.0
566,122,2129,2179,0,0,0,0.0
567,122,2162,2182,0,0,0,0.0
568,122,2139,2177,0,0,0,0.0
569,122,2186,2172,0,0,0,0.0
570,123,2198,2172,0,0,0,0.0
571,123,2248,2181,0,0,0,0.0
572,123,2207,2180,0,0,0,0.0
573,123,2189,2182,0,0,0,0.0
574,123,2219,2193,0,0,0,0.0
575,124,2125,2188,0,0,0,0.0
576,124,2196,2196,0,0,0,0.0
577,124,2208,2198,0,0,0,0.0
578,124,2137,2191,0,0,0,0.0
579,125,2211,2186,0,0,0,0.0
580,125,2182,2183,0,0,0,0.0
581,125,2154,2179,0,0,0,0.0
582,125,2180,2174,0,0,0,0.0
583,125,2224,2186,0,0,0,0.0
584,126,2155,2181,0,0,0,0.0
585,126,2151,2174,0,0,0,0.0
586,126,2124,2172,0,0,0,0.0
587,126,2106,2159,0,0,0,0.0
588,126,2150,2155,0,0,0,0.0
589,127,2094,2148,0,0,0,0.0
590,127,2116,2140,0,0,0,0.0
591,127,2094,2123,0,0,0,0.0
592,127,2117,2119,0,0,0,0.0
593,128,2108,2113,0,0,0,0.0
594,128,2124,2113,0,0,0,0.0
595,128,2073,2109,0,0,0,0.0
596,128,2076,2100,0,0,0,0.0
597,128,2051,2094,0,0,0,0.0
598,129,2063,2088,0,0,0,0.0
599,129,2085,2087,0,0,0,0.0
600,129,2093,2084,0,0,0,0.0
601,129,2040,2075,0,0,0,0.0
602,130,2091,2071,0,0,0,0.0
603,130,2103,2075,0,0,0,0.0
604,130,2073,2074,0,0,0,0.0
605,130,2115,2082,0,0,0,0.0
606,131,2034,2079,0,0,0,0.0
607,131,2018,2070,0,0,0,0.0
608,131,2001,2059,0,0,0,0.0
609,131,2098,2066,0,0,0,0.0
610,131,2072,2064,0,0,0,0.0
611,132,2050,2057,0,0,0,0.0
612,132,2059,2055,0,0,0,0.0
613,132,2017,2043,0,0,0,0.0
614,132,2123,2054,0,0,0,0.0
615,133,2053,2059,0,0,0,0.0
616,133,2052,2065,0,0,0,0.0
617,133,2071,2062,0,0,0,0.0
618,133,2063,2061,0,0,0,0.0
619,134,2055,2061,0,0,0,0.0
620,134,2024,2057,0,0,0,0.0
621,134,2062,2062,0,0,0,0.0
622,134,2104,2060,0,0,0,0.0
623,135,2088,2064,0,0,0,0.0
624,135,2096,2070,0,0,0,0.0
625,135,2033,2065,0,0,0,0.0
626,136,2018,2060,0,0,0,0.0
627,136,2044,2058,0,0,0,0.0
628,136,2050,2061,0,0,0,0.0
629,136,2081,2064,0,0,0,0.0
630,136,1998,2051,0,0,0,0.0
631,137,2095,2051,0,0,0,0.0
632,137,2044,2045,0,0,0,0.0
633,137,2037,2045,0,0,0,0.0
634,137,2020,2046,0,0,0,0.0
635,138,2001,2040,0,0,0,0.0
636,138,2076,2044,0,0,0,0.0
637,138,2054,2040,0,0,0,0.0
638,138,2015,2042,0,0,0,0.0
639,139,2016,2032,0,0,0,0.0
640,139,2046,2033,0,0,0,0.0
641,139,2107,2041,0,0,0,0.0
642,139,2051,2045,0,0,0,0.0
643,140,2016,2047,0,0,0,0.0
644,140,2056,2045,0,0,0,0.0
645,140,2057,2045,0,0,0,0.0
646,140,1987,2042,0,0,0,0.0
647,141,2069,2048,0,0,0,0.0
648,141,2067,2051,0,0,0,0.0
649,141,2098,2050,0,0,0,0.0
650,141,2136,2060,0,0,0,0.0
651,142,2118,2073,0,0,0,0.0
652,142,2080,2076,0,0,0,0.0
653,142,2058,2076,0,0,0,0.0
654,143,2173,2099,0,0,0,0.0
655,143,2101,2103,0,0,0,0.0
656,143,2104,2108,0,0,0,0.0
657,143,2106,2109,0,0,0,0.0
658,144,2116,2107,0,0,0,0.0
659,144,2109,2105,0,0,0,0.0
660,144,2100,2108,0,0,0,0.0
661,144,2103,2114,0,0,0,0.0
662,145,2121,2107,0,0,0,0.0
663,145,2108,2108,0,0,0,0.0
664,145,2104,2108,0,0,0,0.0
665,145,2130,2111,0,0,0,0.0
666,146,2120,2111,0,0,0,0.0
667,146,2173,2119,0,0,0,0.0
668,146,2048,2113,0,0,0,0.0
669,146,2159,2120,0,0,0,0.0
670,147,2162,2125,0,0,0,0.0
671,147,2061,2119,0,0,0,0.0
672,147,2110,2120,0,0,0,0.0
673,147,2107,2117,0,0,0,0.0
674,148,2073,2111,0,0,0,0.0
675,148,2088,2101,0,0,0,0.0
676,148,2075,2104,0,0,0,0.0
677,149,2157,2104,0,0,0,0.0
678,149,2129,2100,0,0,0,0.0
679,149,2135,2109,0,0,0,0.0
680,149,2114,2109,0,0,0,0.0
681,150,2055,2103,0,0,0,0.0
682,150,2069,2102,0,0,0,0.0
683,150,2096,2103,0,0,0,0.0
684,150,2041,2099,0,0,0,0.0
685,151,2096,2091,0,0,0,0.0
686,151,2064,2083,0,0,0,0.0
687,151,2058,2074,0,0,0,0.0
688,151,2087,2070,0,0,0,0.0
689,152,2077,2073,0,0,0,0.0
690,152,2051,2071,0,0,0,0.0
691,152,2094,2071,0,0,0,0.0
692,152,2025,2069,0,0,0,0.0
693,153,2075,2066,0,0,0,0.0
694,153,2073,2067,0,0,0,0.0
695,153,2044,2065,0,0,0,0.0
696,153,2062,2062,0,0,0,0.0
697,154,2014,2054,0,0,0,0.0
698,154,2079,2058,0,0,0,0.0
699,154,2045,2052,0,0,0,0.0
700,154,2034,2053,0,0,0,0.0
701,155,2080,2053,0,0,0,0.0
702,156,2027,2048,0,0,0,0.0
703,156,2005,2043,0,0,0,0.0
704,156,1999,2035,0,0,0,0.0
705,156,2063,2041,0,0,0,0.0
706,157,2004,2032,0,0,0,0.0
707,157,2092,2038,0,0,0,0.0
708,157,1974,2030,0,0,0,0.0
709,158,2083,2030,0,0,0,0.0
710,158,2035,2031,0,0,0,0.0
711,158,2022,2034,0,0,0,0.0
712,158,2006,2034,0,0,0,0.0
713,159,2035,2031,0,0,0,0.0
714,159,2026,2034,0,0,0,0.0
715,159,2070,2031,0,0,0,0.0
716,159,2057,2041,0,0,0,0.0
717,160,2082,2041,0,0,0,0.0
718,160,2100,2049,0,0,0,0.0
719,160,2152,2066,0,0,0,0.0
720,160,2213,2091,0,0,0,0.0
721,161,2210,2113,0,0,0,0.0
722,161,2284,2146,0,0,0,0.0
723,161,2411,2188,0,0,0,0.0
724,161,2458,2238,0,0,0,0.0
725,162,2506,2291,0,0,0,0.0
726,162,2563,2349,0,0,0,0.0
727,162,2612,2407,0,0,0,0.0
728,163,2610,2456,0,0,0,0.0
729,163,2612,2507,0,0,0,0.0
730,163,2632,2550,0,0,0,0.0
731,163,2572,2570,0,0,0,0.0
732,164,2573,2585,0,0,0,0.0
733,164,2457,2578,0,0,0,0.0
734,164,2478,2568,0,0,0,0.0
735,164,2395,2541,0,0,0,0.0
736,165,2322,2505,0,0,0,0.0
737,165,2281,2463,0,0,0,0.0
738,165,2244,2415,0,0,0,0.0
739,165,2176,2365,0,0,0,0.0
740,166,2052,2300,0,0,0,0.0
741,166,2040,2248,0,0,0,0.0
742,166,2040,2193,0,0,0,0.0
743,167,2049,2150,0,0,0,0.0
744,167,2058,2117,0,0,0,0.0
745,167,2021,2085,0,0,0,0.0
746,167,2051,2060,0,0,0,0.0
747,168,2027,2042,0,0,0,0.0
748,168,2036,2040,0,0,0,0.0
749,168,2017,2037,0,0,0,0.0
750,168,2037,2037,0,0,0,0.0
751,169,2029,2034,0,0,0,0.0
752,169,2045,2032,0,0,0,0.0
753,169,2111,2044,0,0,0,0.0
754,169,2055,2044,0,0,0,0.0
755,170,2167,2062,0,0,0,0.0
756,170,2108,2071,0,0,0,0.0
757,170,2103,2081,0,0,0,0.0
758,170,2077,2086,0,0,0,0.0
759,171,2129,2099,0,0,0,0.0
760,171,2097,2105,0,0,0,0.0
761,171,2123,2107,0,0,0,0.0
762,172,2202,2125,0,0,0,0.0
763,172,2129,2121,0,0,0,0.0
764,172,2172,2129,0,0,0,0.0
765,172,2122,2131,0,0,0,0.0
766,173,2148,2140,0,0,0,0.0
767,173,2209,2150,0,0,0,0.0
768,173,2142,2155,0,0,0,0.0
769,173,2221,2168,0,0,0,0.0
770,174,2193,2167,0,0,0,0.0
771,174,2160,2170,0,0,0,0.0
772,174,2200,2174,0,0,0,0.0
773,174,2215,2186,0,0,0,0.0
774,175,2208,2193,0,0,0,0.0
775,175,2145,2185,0,0,0,0.0
776,175,2172,2189,0,0,0,0.0
777,176,2189,2185,0,0,0,0.0
778,176,2195,2185,0,0,0,0.0
779,176,2216,2192,0,0,0,0.0
780,176,2203,2192,0,0,0,0.0
781,177,2156,2185,0,0,0,0.0
782,177,2206,2185,0,0,0,0.0
783,177,2211,2193,0,0,0,0.0
784,177,2207,2197,0,0,0,0.0
785,178,2219,2201,0,0,0,0.0
786,178,2208,2203,0,0,0,0.0
787,178,2192,2200,0,0,0,0.0
788,178,2172,2196,0,0,0,0.0
789,179,2119,2191,0,0,0,0.0
790,179,2176,2188,0,0,0,0.0
791,179,2164,2182,0,0,0,0.0
792,180,2160,2176,0,0,0,0.0
793,180,2107,2162,0,0,0,0.0
794,180,2107,2149,0,0,0,0.0
795,180,2165,2146,0,0,0,0.0
796,181,2126,2140,0,0,0,0.0
797,181,2142,2143,0,0,0,0.0
798,181,2117,2136,0,0,0,0.0
799,181,2111,2129,0,0,0,0.0
800,182,2133,2126,0,0,0,0.0
801,182,2084,2123,0,0,0,0.0
802,182,2097,2121,0,0,0,0.0
803,183,2076,2110,0,0,0,0.0
804,183,2073,2104,0,0,0,0.0
805,183,2072,2095,0,0,0,0.0
806,183,2084,2091,0,0,0,0.0
807,184,2060,2084,0,0,0,0.0
808,184,2109,2081,0,0,0,0.0
809,184,2041,2076,0,0,0,0.0
810,184,2060,2071,0,0,0,0.0
811,185,2050,2068,0,0,0,0.0
812,185,2105,2072,0,0,0,0.0
813,185,2065,2071,0,0,0,0.0
814,185,2089,2072,0,0,0,0.0
815,186,2012,2066,0,0,0,0.0
816,186,2063,2060,0,0,0,0.0
817,186,2080,2065,0,0,0,0.0
818,186,2055,2064,0,0,0,0.0
819,187,2084,2069,0,0,0,0.0
820,187,2036,2060,0,0,0,0.0
821,187,2093,2064,0,0,0,0.0
822,187,2119,2067,0,0,0,0.0
823,188,2039,2071,0,0,0,0.0
824,188,2036,2067,0,0,0,0.0
825,188,2093,2069,0,0,0,0.0
826,189,2096,2074,0,0,0,0.0
827,189,2033,2068,0,0,0,0.0
828,189,2036,2068,0,0,0,0.0
829,189,2040,2061,0,0,0,0.0
830,190,2008,2047,0,0,0,0.0
831,190,2020,2045,0,0,0,0.0
832,190,2018,2043,0,0,0,0.0
833,190,2025,2034,0,0,0,0.0
834,191,2047,2028,0,0,0,0.0
835,191,2055,2031,0,0,0,0.0
836,191,2095,2038,0,0,0,0.0
837,191,2018,2035,0,0,0,0.0
838,192,2078,2044,0,0,0,0.0
839,192,2042,2047,0,0,0,0.0
840,192,2048,2051,0,0,0,0.0
841,192,2070,2056,0,0,0,0.0
842,193,2016,2052,0,0,0,0.0
843,193,2062,2053,0,0,0,0.0
844,193,2056,2048,0,0,0,0.0
845,193,2067,2054,0,0,0,0.0
846,194,2062,2052,0,0,0,0.0
847,194,2128,2063,0,0,0,0.0
848,194,2036,2062,0,0,0,0.0
849,194,2041,2058,0,0,0,0.0
850,195,2040,2061,0,0,0,0.0
851,195,2044,2059,0,0,0,0.0
852,195,2043,2057,0,0,0,0.0
853,196,2100,2061,0,0,0,0.0
854,196,2110,2067,0,0,0,0.0
855,196,2053,2058,0,0,0,0.0
856,197,2048,2059,0,0,0,0.0
857,197,2090,2066,0,0,0,0.0
858,197,2063,2068,0,0,0,0.0
859,197,2102,2076,0,0,0,0.0
860,198,2093,2082,0,0,0,0.0
861,198,2045,2075,0,0,0,0.0
862,198,2141,2079,0,0,0,0.0
863,198,2152,2091,0,0,0,0.0
864,199,2083,2096,0,0,0,0.0
865,199,2094,2096,0,0,0,0.0
866,199,2118,2103,0,0,0,0.0
867,199,2123,2106,0,0,0,0.0
868,200,2136,2111,0,0,0,0.0
869,200,2179,2128,0,0,0,0.0
870,200,2116,2125,0,0,0,0.0
871,200,2100,2118,0,0,0,0.0
872,201,2084,2118,0,0,0,0.0
873,201,2105,2120,0,0,0,0.0
874,201,2126,2121,0,0,0,0.0
875,201,2181,2128,0,0,0,0.0
876,202,2112,2125,0,0,0,0.0
877,202,2133,2119,0,0,0,0.0
878,202,2125,2120,0,0,0,0.0
879,203,2159,2128,0,0,0,0.0
880,203,2197,2142,0,0,0,0.0
881,203,2103,2142,0,0,0,0.0
882,203,2101,2138,0,0,0,0.0
883,204,2144,2134,0,0,0,0.0
884,204,2130,2136,0,0,0,0.0
885,204,2161,2140,0,0,0,0.0
886,204,2119,2139,0,0,0,0.0
887,205,2087,2130,0,0,0,0.0
888,205,2112,2119,0,0,0,0.0
889,205,2123,2122,0,0,0,0.0
890,205,2111,2123,0,0,0,0.0
891,206,2098,2117,0,0,0,0.0
892,206,2111,2115,0,0,0,0.0
893,206,2111,2109,0,0,0,0.0
894,206,2114,2108,0,0,0,0.0
895,207,2089,2108,0,0,0,0.0
896,207,2062,2102,0,0,0,0.0
897,207,2069,2095,0,0,0,0.0
898,207,2098,2094,0,0,0,0.0
899,208,2036,2086,0,0,0,0.0
900,208,2069,2081,0,0,0,0.0
901,208,2045,2072,0,0,0,0.0
902,209,2056,2065,0,0,0,0.0
903,209,2092,2065,0,0,0,0.0
904,209,2059,2065,0,0,0,0.0
905,210,2053,2063,0,0,0,0.0
906,210,2010,2052,0,0,0,0.0
907,210,2073,2057,0,0,0,0.0
908,210,2069,2057,0,0,0,0.0
909,211,2114,2065,0,0,0,0.0
910,211,2039,2063,0,0,0,0.0
911,211,2054,2058,0,0,0,0.0
912,211,2054,2058,0,0,0,0.0
913,212,2093,2063,0,0,0,0.0
914,212,2040,2067,0,0,0,0.0
915,212,2049,2064,0,0,0,0.0
916,212,2056,2062,0,0,0,0.0
917,213,2039,2053,0,0,0,0.0
918,213,2016,2050,0,0,0,0.0
919,213,2032,2047,0,0,0,0.0
920,214,2055,2047,0,0,0,0.0
921,214,1992,2034,0,0,0,0.0
922,214,2029,2033,0,0,0,0.0
923,214,2012,2028,0,0,0,0.0
924,215,2083,2032,0,0,0,0.0
925,215,2023,2030,0,0,0,0.0
926,215,2082,2038,0,0,0,0.0
927,215,2150,2053,0,0,0,0.0
928,216,2233,2075,0,0,0,0.0
929,216,2240,2106,0,0,0,0.0
930,216,2286,2138,0,0,0,0.0
931,216,2424,2190,0,0,0,0.0
932,217,2388,2228,0,0,0,0.0
933,217,2427,2278,0,0,0,0.0
934,217,2560,2338,0,0,0,0.0
935,217,2575,2391,0,0,0,0.0
936,218,2589,2436,0,0,0,0.0
937,218,2655,2488,0,0,0,0.0
938,218,2638,2532,0,0,0,0.0
939,218,2594,2553,0,0,0,0.0
940,219,2537,2571,0,0,0,0.0
941,219,2553,2587,0,0,0,0.0
942,219,2488,2578,0,0,0,0.0
943,219,2400,2556,0,0,0,0.0
944,220,2392,2532,0,0,0,0.0
945,220,2240,2480,0,0,0,0.0
946,220,2166,2421,0,0,0,0.0
947,220,2140,2364,0,0,0,0.0
948,221,2118,2312,0,0,0,0.0
949,221,2094,2254,0,0,0,0.0
950,221,2057,2200,0,0,0,0.0
951,222,2061,2158,0,0,0,0.0
952,222,2006,2110,0,0,0,0.0
953,222,2085,2090,0,0,0,0.0
954,222,2041,2075,0,0,0,0.0
955,223,2081,2067,0,0,0,0.0
956,223,2063,2061,0,0,0,0.0
957,223,2072,2058,0,0,0,0.0
958,224,2080,2061,0,0,0,0.0
959,224,2082,2063,0,0,0,0.0
960,224,2092,2074,0,0,0,0.0
961,224,2117,2078,0,0,0,0.0
962,225,2088,2084,0,0,0,0.0
963,225,2108,2087,0,0,0,0.0
964,225,2089,2091,0,0,0,0.0
965,225,2139,2099,0,0,0,0.0
966,226,2081,2099,0,0,0,0.0
967,226,2160,2109,0,0,0,0.0
968,226,2111,2111,0,0,0,0.0
969,226,2075,2106,0,0,0,0.0
970,227,2127,2111,0,0,0,0.0
971,227,2109,2111,0,0,0,0.0
972,227,2161,2120,0,0,0,0.0
973,227,2122,2118,0,0,0,0.0
974,228,2134,2124,0,0,0,0.0
975,228,2097,2117,0,0,0,0.0
976,228,2146,2121,0,0,0,0.0
977,229,2092,2123,0,0,0,0.0
978,229,2123,2123,0,0,0,0.0
979,229,2198,2134,0,0,0,0.0
980,230,2203,2139,0,0,0,0.0
981,230,2197,2148,0,0,0,0.0
982,230,2159,2151,0,0,0,0.0
983,230,2189,2163,0,0,0,0.0
984,231,2193,2169,0,0,0,0.0
985,231,2161,2177,0,0,0,0.0
986,231,2242,2192,0,0,0,0.0
987,231,2224,2196,0,0,0,0.0
988,232,2191,2194,0,0,0,0.0
989,232,2198,2194,0,0,0,0.0
990,232,2202,2200,0,0,0,0.0
991,232,2132,2192,0,0,0,0.0
992,233,2183,2191,0,0,0,0.0
993,233,2167,2192,0,0,0,0.0
994,233,2154,2181,0,0,0,0.0
995,233,2171,2174,0,0,0,0.0
996,234,2229,2179,0,0,0,0.0
997,234,2189,2178,0,0,0,0.0
998,234,2148,2171,0,0,0,0.0
999,234,2176,2177,0,0,0,0.0
1000,235,2195,2178,0,0,0,0.0
1001,235,2175,2179,0,0,0,0.0
1002,236,2143,2178,0,0,0,0.0
1003,236,2116,2171,0,0,0,0.0
1004,236,2150,2161,0,0,0,0.0
1005,236,2135,2154,0,0,0,0.0
1006,237,2144,2154,0,0,0,0.0
1007,237,2131,2148,0,0,0,0.0
1008,237,2138,2141,0,0,0,0.0
1009,237,2085,2130,0,0,0,0.0
1010,238,2136,2129,0,0,0,0.0
1011,238,2097,2127,0,0,0,0.0
1012,238,2149,2126,0,0,0,0.0
1013,238,2062,2117,0,0,0,0.0
1014,239,2131,2116,0,0,0,0.0
1015,239,2081,2109,0,0,0,0.0
1016,239,2053,2099,0,0,0,0.0
1017,239,2055,2095,0,0,0,0.0
1018,240,2057,2085,0,0,0,0.0
1019,240,2077,2083,0,0,0,0.0
1020,240,2078,2074,0,0,0,0.0
1021,240,2043,2071,0,0,0,0.0
1022,241,2057,2062,0,0,0,0.0
1023,241,2121,2067,0,0,0,0.0
1024,241,2107,2074,0,0,0,0.0
1025,241,2067,2075,0,0,0,0.0
1026,242,2054,2075,0,0,0,0.0
1027,242,2056,2072,0,0,0,0.0
1028,243,2070,2071,0,0,0,0.0
1029,243,2020,2069,0,0,0,0.0
1030,243,2042,2067,0,0,0,0.0
1031,243,2000,2052,0,0,0,0.0
1032,244,2061,2046,0,0,0,0.0
1033,244,2068,2046,0,0,0,0.0
1034,244,2034,2043,0,0,0,0.0
1035,244,2096,2048,0,0,0,0.0
1036,245,2012,2041,0,0,0,0.0
1037,245,2004,2039,0,0,0,0.0
1038,245,2055,2041,0,0,0,0.0
1039,245,2079,2051,0,0,0,0.0
1040,246,2098,2055,0,0,0,0.0
1041,246,2034,2051,0,0,0,0.0
1042,246,2080,2057,0,0,0,0.0
1043,246,2047,2051,0,0,0,0.0
1044,247,2043,2055,0,0,0,0.0
1045,247,2075,2063,0,0,0,0.0
1046,247,2068,2065,0,0,0,0.0
1047,247,2001,2055,0,0,0,0.0
1048,248,2093,2055,0,0,0,0.0
1049,248,2091,2062,0,0,0,0.0
1050,248,2031,2056,0,0,0,0.0
1051,248,2062,2058,0,0,0,0.0
1052,249,2066,2060,0,0,0,0.0
1053,249,2060,2059,0,0,0,0.0
1054,249,2036,2055,0,0,0,0.0
1055,249,2033,2059,0,0,0,0.0
1056,250,2054,2054,0,0,0,0.0
1057,250,2091,2054,0,0,0,0.0
1058,250,2074,2059,0,0,0,0.0
1059,250,2048,2057,0,0,0,0.0
1060,251,2085,2060,0,0,0,0.0
1061,251,1978,2049,0,0,0,0.0
1062,251,2101,2058,0,0,0,0.0
1063,251,2017,2056,0,0,0,0.0
1064,251,2061,2056,0,0,0,0.0
1065,252,2041,2050,0,0,0,0.0
1066,252,2039,2046,0,0,0,0.0
1067,252,2116,2054,0,0,0,0.0
1068,252,2071,2053,0,0,0,0.0
1069,253,2099,2068,0,0,0,0.0
1070,253,2091,2066,0,0,0,0.0
1071,253,2111,2078,0,0,0,0.0
1072,253,2103,2083,0,0,0,0.0
1073,254,2066,2087,0,0,0,0.0
1074,254,2138,2099,0,0,0,0.0
1075,254,2097,2097,0,0,0,0.0
1076,254,2068,2096,0,0,0,0.0
1077,255,2105,2097,0,0,0,0.0
1078,255,2166,2106,0,0,0,0.0
1079,255,2148,2111,0,0,0,0.0
1080,255,2114,2112,0,0,0,0.0
1081,256,2116,2119,0,0,0,0.0
1082,256,2117,2116,0,0,0,0.0
1083,256,2190,2128,0,0,0,0.0
1084,256,2139,2136,0,0,0,0.0
1085,257,2140,2141,0,0,0,0.0
1086,257,2157,2140,0,0,0,0.0
1087,257,2131,2138,0,0,0,0.0
1088,257,2114,2138,0,0,0,0.0
1089,258,2114,2137,0,0,0,0.0
1090,258,2115,2137,0,0,0,0.0
1091,258,2113,2127,0,0,0,0.0
1092,258,2132,2127,0,0,0,0.0
1093,258,2108,2123,0,0,0,0.0
1094,259,2125,2119,0,0,0,0.0
1095,259,2097,2114,0,0,0,0.0
1096,259,2098,2112,0,0,0,0.0
1097,260,2032,2102,0,0,0,0.0
1098,260,2115,2102,0,0,0,0.0
1099,260,2094,2100,0,0,0,0.0
1100,260,2110,2097,0,0,0,0.0
1101,261,1990,2082,0,0,0,0.0
1102,261,2136,2084,0,0,0,0.0
1103,261,2067,2080,0,0,0,0.0
1104,261,2101,2080,0,0,0,0.0
1105,262,2034,2080,0,0,0,0.0
1106,262,2081,2076,0,0,0,0.0
1107,262,2029,2068,0,0,0,0.0
1108,262,2040,2059,0,0,0,0.0
1109,263,2115,2075,0,0,0,0.0
1110,263,2050,2064,0,0,0,0.0
1111,263,2061,2063,0,0,0,0.0
1112,263,2079,2061,0,0,0,0.0
1113,264,2067,2065,0,0,0,0.0
1114,264,2056,2062,0,0,0,0.0
1115,264,2062,2066,0,0,0,0.0
1116,264,2122,2076,0,0,0,0.0
1117,265,2048,2068,0,0,0,0.0
1118,265,2055,2068,0,0,0,0.0
1119,266,2079,2071,0,0,0,0.0
1120,266,2080,2071,0,0,0,0.0
1121,266,2081,2072,0,0,0,0.0
1122,267,2063,2073,0,0,0,0.0
1123,267,2007,2066,0,0,0,0.0
1124,267,2088,2062,0,0,0,0.0
1125,268,2001,2056,0,0,0,0.0
1126,268,2040,2054,0,0,0,0.0
1127,268,2005,2045,0,0,0,0.0
1128,268,2022,2038,0,0,0,0.0
1129,269,2032,2032,0,0,0,0.0
1130,269,2033,2028,0,0,0,0.0
1131,269,2042,2032,0,0,0,0.0
1132,270,2090,2033,0,0,0,0.0
1133,270,2074,2042,0,0,0,0.0
1134,270,2081,2047,0,0,0,0.0
1135,270,2153,2065,0,0,0,0.0
1136,270,2205,2088,0,0,0,0.0
1137,271,2186,2108,0,0,0,0.0
1138,271,2300,2141,0,0,0,0.0
1139,271,2367,2182,0,0,0,0.0
1140,271,2402,2221,0,0,0,0.0
1141,272,2514,2276,0,0,0,0.0
1142,272,2525,2331,0,0,0,0.0
1143,272,2581,2385,0,0,0,0.0
1144,272,2606,2435,0,0,0,0.0
1145,273,2632,2490,0,0,0,0.0
1146,273,2601,2528,0,0,0,0.0
1147,273,2576,2554,0,0,0,0.0
1148,273,2637,2584,0,0,0,0.0
1149,274,2519,2584,0,0,0,0.0
1150,274,2459,2576,0,0,0,0.0
1151,274,2361,2548,0,0,0,0.0
1152,275,2340,2515,0,0,0,0.0
1153,275,2253,2468,0,0,0,0.0
1154,275,2281,2428,0,0,0,0.0
1155,275,2207,2382,0,0,0,0.0
1156,276,2111,2316,0,0,0,0.0
1157,276,2164,2272,0,0,0,0.0
1158,276,2101,2227,0,0,0,0.0
1159,276,2045,2187,0,0,0,0.0
1160,277,1971,2141,0,0,0,0.0
1161,277,2111,2123,0,0,0,0.0
1162,277,2001,2088,0,0,0,0.0
1163,277,1997,2062,0,0,0,0.0
1164,278,2082,2059,0,0,0,0.0
1165,278,2129,2054,0,0,0,0.0
1166,278,2103,2054,0,0,0,0.0
1167,278,2083,2059,0,0,0,0.0
1168,279,2089,2074,0,0,0,0.0
1169,279,2102,2073,0,0,0,0.0
1170,279,2103,2086,0,0,0,0.0
1171,279,2093,2098,0,0,0,0.0
1172,280,2093,2099,0,0,0,0.0
1173,280,2093,2094,0,0,0,0.0
1174,280,2077,2091,0,0,0,0.0
1175,280,2096,2093,0,0,0,0.0
1176,281,2059,2089,0,0,0,0.0
1177,281,2113,2090,0,0,0,0.0
1178,281,2092,2089,0,0,0,0.0
1179,282,2094,2089,0,0,0,0.0
1180,282,2139,2095,0,0,0,0.0
1181,282,2181,2106,0,0,0,0.0
1182,282,2173,2118,0,0,0,0.0
1183,283,2104,2119,0,0,0,0.0
1184,283,2128,2128,0,0,0,0.0
1185,283,2191,2137,0,0,0,0.0
1186,283,2139,2143,0,0,0,0.0
1187,284,2167,2152,0,0,0,0.0
1188,284,2195,2159,0,0,0,0.0
1189,284,2154,2156,0,0,0,0.0
1190,284,2190,2158,0,0,0,0.0
1191,285,2150,2164,0,0,0,0.0
1192,285,2175,2170,0,0,0,0.0
1193,285,2204,2171,0,0,0,0.0
1194,285,2149,2173,0,0,0,0.0
1195,285,2210,2178,0,0,0,0.0
1196,286,2197,2178,0,0,0,0.0
1197,286,2214,2186,0,0,0,0.0
1198,286,2203,2187,0,0,0,0.0
1199,287,2235,2198,0,0,0,0.0
1200,287,2196,2201,0,0,0,0.0
1201,287,2176,2197,0,0,0,0.0
1202,287,2189,2202,0,0,0,0.0
1203,288,2198,2201,0,0,0,0.0
1204,288,2178,2198,0,0,0,0.0
1205,288,2173,2193,0,0,0,0.0
1206,288,2146,2186,0,0,0,0.0
1207,289,2141,2174,0,0,0,0.0
1208,289,2113,2164,0,0,0,0.0
1209,289,2202,2167,0,0,0,0.0
1210,289,2106,2157,0,0,0,0.0
1211,290,2117,2147,0,0,0,0.0
1212,290,2110,2138,0,0,0,0.0
1213,290,2152,2135,0,0,0,0.0
1214,290,2111,2131,0,0,0,0.0
1215,291,2151,2132,0,0,0,0.0
1216,291,2088,2129,0,0,0,0.0
1217,291,2111,2118,0,0,0,0.0
1218,291,2073,2114,0,0,0,0.0
1219,292,2157,2119,0,0,0,0.0
1220,292,2053,2112,0,0,0,0.0
1221,292,2094,2104,0,0,0,0.0
1222,292,2099,2103,0,0,0,0.0
1223,293,2089,2095,0,0,0,0.0
1224,293,2068,2093,0,0,0,0.0
1225,293,2066,2087,0,0,0,0.0
1226,294,2069,2086,0,0,0,0.0
1227,294,2060,2074,0,0,0,0.0
1228,294,2091,2079,0,0,0,0.0
1229,294,2127,2083,0,0,0,0.0
1230,295,2042,2076,0,0,0,0.0
1231,295,2016,2067,0,0,0,0.0
1232,295,2053,2065,0,0,0,0.0
1233,295,2132,2073,0,0,0,0.0
1234,296,2029,2068,0,0,0,0.0
1235,296,2102,2074,0,0,0,0.0
1236,296,2102,2075,0,0,0,0.0
1237,296,2034,2063,0,0,0,0.0
1238,297,2067,2066,0,0,0,0.0
1239,297,2099,2077,0,0,0,0.0
1240,297,2038,2075,0,0,0,0.0
1241,297,2043,2064,0,0,0,0.0
1242,298,2031,2064,0,0,0,0.0
1243,298,2018,2054,0,0,0,0.0
1244,298,2029,2044,0,0,0,0.0
1245,298,2011,2042,0,0,0,0.0
1246,299,2049,2039,0,0,0,0.0
1247,299,2025,2030,0,0,0,0.0
1248,299,2055,2032,0,0,0,0.0
1249,299,2001,2027,0,0,0,0.0
1250,300,2058,2030,0,0,0,0.0
1251,300,2073,2037,0,0,0,0.0
1252,300,1988,2032,0,0,0,0.0
1253,301,2059,2038,0,0,0,0.0
1254,301,2085,2043,0,0,0,0.0
1255,301,2012,2041,0,0,0,0.0
1256,301,2099,2046,0,0,0,0.0
1257,302,2062,2054,0,0,0,0.0
1258,302,2028,2050,0,0,0,0.0
1259,302,2048,2047,0,0,0,0.0
1260,302,2067,2057,0,0,0,0.0
1261,303,2054,2056,0,0,0,0.0
1262,303,2068,2054,0,0,0,0.0
1263,303,2026,2056,0,0,0,0.0
1264,303,2059,2051,0,0,0,0.0
1265,304,2013,2045,0,0,0,0.0
1266,304,2054,2048,0,0,0,0.0
1267,304,2032,2046,0,0,0,0.0
1268,304,2039,2043,0,0,0,0.0
1269,304,2100,2048,0,0,0,0.0
1270,305,2098,2052,0,0,0,0.0
1271,305,2086,2060,0,0,0,0.0
1272,305,2038,2057,0,0,0,0.0
1273,305,2064,2063,0,0,0,0.0
1274,306,2113,2071,0,0,0,0.0
1275,306,2085,2077,0,0,0,0.0
1276,306,2154,2092,0,0,0,0.0
1277,307,2099,2092,0,0,0,0.0
1278,307,2097,2092,0,0,0,0.0
1279,307,2086,2092,0,0,0,0.0
1280,308,2103,2100,0,0,0,0.0
1281,308,2099,2104,0,0,0,0.0
1282,308,2128,2106,0,0,0,0.0
1283,308,2139,2113,0,0,0,0.0
1284,309,2090,2105,0,0,0,0.0
1285,309,2077,2102,0,0,0,0.0
1286,309,2065,2098,0,0,0,0.0
1287,309,2137,2104,0,0,0,0.0
1288,310,2091,2103,0,0,0,0.0
1289,310,2061,2098,0,0,0,0.0
1290,310,2138,2099,0,0,0,0.0
1291,310,2202,2107,0,0,0,0.0
1292,311,2127,2112,0,0,0,0.0
1293,311,2152,2121,0,0,0,0.0
1294,311,2129,2129,0,0,0,0.0
1295,311,2122,2127,0,0,0,0.0
1296,312,2150,2135,0,0,0,0.0
1297,312,2112,2141,0,0,0,0.0
1298,312,2126,2140,0,0,0,0.0
1299,312,2125,2130,0,0,0,0.0
1300,313,2092,2126,0,0,0,0.0
1301,313,2138,2124,0,0,0,0.0
1302,313,2099,2120,0,0,0,0.0
1303,314,2078,2115,0,0,0,0.0
1304,314,2113,2110,0,0,0,0.0
1305,314,2066,2104,0,0,0,0.0
1306,314,2090,2100,0,0,0,0.0
1307,315,2085,2095,0,0,0,0.0
1308,315,2114,2097,0,0,0,0.0
1309,315,2092,2092,0,0,0,0.0
1310,315,2074,2089,0,0,0,0.0
1311,316,2096,2091,0,0,0,0.0
1312,316,2111,2091,0,0,0,0.0
1313,316,2083,2093,0,0,0,0.0
1314,316,2064,2089,0,0,0,0.0
1315,317,2022,2082,0,0,0,0.0
1316,317,2028,2071,0,0,0,0.0
1317,317,2049,2065,0,0,0,0.0
1318,317,2038,2061,0,0,0,0.0
1319,318,2049,2055,0,0,0,0.0
1320,318,2055,2048,0,0,0,0.0
1321,318,2068,2046,0,0,0,0.0
1322,318,2050,2044,0,0,0,0.0
1323,319,2065,2050,0,0,0,0.0
1324,319,2052,2053,0,0,0,0.0
1325,319,1990,2045,0,0,0,0.0
1326,320,2021,2043,0,0,0,0.0
1327,320,2044,2043,0,0,0,0.0
1328,320,2011,2037,0,0,0,0.0
1329,320,2064,2037,0,0,0,0.0
1330,321,2091,2042,0,0,0,0.0
1331,321,2079,2044,0,0,0,0.0
1332,321,2033,2041,0,0,0,0.0
1333,321,2081,2053,0,0,0,0.0
1334,322,2037,2055,0,0,0,0.0
1335,322,2018,2051,0,0,0,0.0
1336,322,2006,2051,0,0,0,0.0
1337,323,2014,2044,0,0,0,0.0
1338,323,2011,2034,0,0,0,0.0
1339,323,2032,2029,0,0,0,0.0
1340,323,2042,2030,0,0,0,0.0
1341,324,2053,2026,0,0,0,0.0
1342,324,2091,2033,0,0,0,0.0
1343,324,2147,2049,0,0,0,0.0
1344,324,2182,2071,0,0,0,0.0
1345,324,2160,2089,0,0,0,0.0
1346,325,2185,2111,0,0,0,0.0
1347,325,2352,2151,0,0,0,0.0
1348,325,2348,2189,0,0,0,0.0
1349,325,2446,2238,0,0,0,0.0
1350,326,2477,2287,0,0,0,0.0
1351,326,2508,2332,0,0,0,0.0
1352,326,2618,2386,0,0,0,0.0
1353,327,2649,2447,0,0,0,0.0
1354,327,2618,2502,0,0,0,0.0
1355,327,2549,2526,0,0,0,0.0
1356,327,2585,2556,0,0,0,0.0
1357,328,2573,2572,0,0,0,0.0
1358,328,2464,2570,0,0,0,0.0
1359,328,2452,2563,0,0,0,0.0
1360,328,2381,2533,0,0,0,0.0
1361,329,2332,2494,0,0,0,0.0
1362,329,2255,2448,0,0,0,0.0
1363,329,2165,2400,0,0,0,0.0
1364,329,2182,2350,0,0,0,0.0
1365,330,2102,2291,0,0,0,0.0
1366,330,2078,2243,0,0,0,0.0
1367,330,2031,2190,0,0,0,0.0
1368,330,2035,2147,0,0,0,0.0
1369,331,2016,2108,0,0,0,0.0
1370,331,2037,2080,0,0,0,0.0
1371,331,2096,2072,0,0,0,0.0
1372,331,2008,2050,0,0,0,0.0
1373,332,2006,2038,0,0,0,0.0
1374,332,2104,2041,0,0,0,0.0
1375,332,2059,2045,0,0,0,0.0
1376,333,2050,2047,0,0,0,0.0
1377,333,2106,2058,0,0,0,0.0
1378,333,2061,2061,0,0,0,0.0
1379,333,2138,2066,0,0,0,0.0
1380,334,2108,2079,0,0,0,0.0
1381,334,2078,2088,0,0,0,0.0
1382,334,2162,2095,0,0,0,0.0
1383,334,2085,2098,0,0,0,0.0
1384,335,2130,2108,0,0,0,0.0
1385,335,2123,2110,0,0,0,0.0
1386,335,2159,2122,0,0,0,0.0
1387,335,2172,2127,0,0,0,0.0
1388,336,2132,2130,0,0,0,0.0
1389,336,2115,2134,0,0,0,0.0
1390,336,2157,2134,0,0,0,0.0
1391,336,2129,2139,0,0,0,0.0
1392,337,2216,2150,0,0,0,0.0
1393,337,2165,2155,0,0,0,0.0
1394,337,2156,2155,0,0,0,0.0
1395,337,2177,2155,0,0,0,0.0
1396,338,2136,2156,0,0,0,0.0
1397,338,2152,2161,0,0,0,0.0
1398,338,2221,2169,0,0,0,0.0
1399,338,2169,2174,0,0,0,0.0
1400,339,2160,2167,0,0,0,0.0
1401,339,2210,2172,0,0,0,0.0
1402,339,2232,2182,0,0,0,0.0
1403,340,2219,2187,0,0,0,0.0
1404,340,2227,2198,0,0,0,0.0
1405,340,2175,2201,0,0,0,0.0
1406,340,2154,2193,0,0,0,0.0
1407,341,2240,2202,0,0,0,0.0
1408,341,2183,2205,0,0,0,0.0
1409,341,2182,2201,0,0,0,0.0
1410,341,2226,2200,0,0,0,0.0
1411,342,2199,2198,0,0,0,0.0
1412,342,2192,2193,0,0,0,0.0
1413,342,2239,2201,0,0,0,0.0
1414,342,2149,2201,0,0,0,0.0
1415,343,2191,2195,0,0,0,0.0
1416,343,2159,2192,0,0,0,0.0
1417,343,2160,2189,0,0,0,0.0
1418,343,2191,2185,0,0,0,0.0
1419,344,2155,2179,0,0,0,0.0
1420,344,2150,2174,0,0,0,0.0
1421,344,2160,2164,0,0,0,0.0
1422,344,2111,2159,0,0,0,0.0
1423,345,2091,2147,0,0,0,0.0
1424,345,2079,2137,0,0,0,0.0
1425,345,2046,2122,0,0,0,0.0
1426,345,2161,2119,0,0,0,0.0
1427,346,2061,2107,0,0,0,0.0
1428,346,2083,2099,0,0,0,0.0
1429,346,2077,2088,0,0,0,0.0
1430,346,2091,2086,0,0,0,0.0
1431,347,2102,2087,0,0,0,0.0
1432,347,2100,2090,0,0,0,0.0
1433,347,2054,2091,0,0,0,0.0
1434,347,2063,2078,0,0,0,0.0
1435,348,2074,2080,0,0,0,0.0
1436,348,2056,2077,0,0,0,0.0
1437,348,2109,2081,0,0,0,0.0
1438,348,2074,2079,0,0,0,0.0
1439,349,2080,2076,0,0,0,0.0
1440,349,2076,2073,0,0,0,0.0
1441,349,2090,2077,0,0,0,0.0
1442,350,2059,2077,0,0,0,0.0
1443,350,2014,2069,0,0,0,0.0
1444,350,2064,2070,0,0,0,0.0
1445,350,2032,2061,0,0,0,0.0
1446,351,2035,2056,0,0,0,0.0
1447,351,2068,2054,0,0,0,0.0
1448,351,2087,2056,0,0,0,0.0
1449,351,2050,2051,0,0,0,0.0
1450,351,2058,2051,0,0,0,0.0
1451,352,2100,2061,0,0,0,0.0
1452,352,2056,2060,0,0,0,0.0
1453,353,2126,2072,0,0,0,0.0
1454,353,2065,2076,0,0,0,0.0
1455,353,1995,2067,0,0,0,0.0
1456,353,2070,2065,0,0,0,0.0
1457,354,2059,2066,0,0,0,0.0
1458,354,2086,2069,0,0,0,0.0
1459,354,2068,2065,0,0,0,0.0
1460,354,2044,2064,0,0,0,0.0
1461,355,2011,2049,0,0,0,0.0
1462,355,2042,2046,0,0,0,0.0
1463,355,2023,2050,0,0,0,0.0
1464,355,2031,2045,0,0,0,0.0
1465,356,2067,2046,0,0,0,0.0
1466,356,2100,2048,0,0,0,0.0
1467,356,2062,2047,0,0,0,0.0
1468,356,2015,2043,0,0,0,0.0
1469,357,2065,2050,0,0,0,0.0
1470,357,2088,2056,0,0,0,0.0
1471,357,2035,2057,0,0,0,0.0
1472,357,2050,2060,0,0,0,0.0
1473,357,2056,2058,0,0,0,0.0
1474,358,2033,2050,0,0,0,0.0
1475,358,2078,2052,0,0,0,0.0
1476,358,2057,2057,0,0,0,0.0
1477,359,2075,2059,0,0,0,0.0
1478,359,2038,2052,0,0,0,0.0
1479,359,2054,2055,0,0,0,0.0
1480,359,2091,2060,0,0,0,0.0
1481,360,2062,2061,0,0,0,0.0
1482,360,2128,2072,0,0,0,0.0
1483,360,2067,2071,0,0,0,0.0
1484,360,2090,2075,0,0,0,0.0
1485,361,2114,2080,0,0,0,0.0
1486,361,2048,2081,0,0,0,0.0
1487,361,2041,2080,0,0,0,0.0
1488,361,2052,2075,0,0,0,0.0
1489,362,2140,2085,0,0,0,0.0
1490,362,2089,2080,0,0,0,0.0
1491,362,2186,2095,0,0,0,0.0
1492,362,2096,2095,0,0,0,0.0
1493,363,2121,2096,0,0,0,0.0
1494,363,2165,2111,0,0,0,0.0
1495,363,2182,2128,0,0,0,0.0
1496,363,2185,2145,0,0,0,0.0
1497,364,2161,2148,0,0,0,0.0
1498,364,2157,2156,0,0,0,0.0
1499,364,2145,2151,0,0,0,0.0
1500,364,2183,2162,1,0,0,0.0
1501,365,2241,2177,1,0,0,0.0
1502,365,2211,2183,1,0,0,0.0
1503,365,2143,2178,1,0,0,0.0
1504,366,2252,2186,1,0,0,0.0
1505,366,2251,2197,1,0,0,0.0
1506,366,2351,2222,1,0,0,0.0
1507,366,2301,2241,1,0,0,0.0
1508,367,2204,2244,1,0,0,0.0
1509,367,2380,2261,1,0,0,0.0
1510,367,2345,2278,1,0,0,0.0
1511,367,2310,2299,1,0,0,0.0
1512,367,2265,2300,1,0,0,0.0
1513,368,2225,2297,1,0,0,0.0
1514,368,2265,2286,1,0,0,0.0
1515,368,2357,2293,1,0,0,0.0
1516,368,2409,2319,1,0,0,0.0
1517,369,2394,2321,1,0,0,0.0
1518,369,2277,2312,1,0,0,0.0
1519,369,2244,2304,1,0,0,0.0
1520,369,2325,2312,1,0,0,0.0
1521,370,2216,2310,1,0,0,0.0
1522,370,2346,2321,1,0,0,0.0
1523,370,2323,2316,1,0,0,0.0
1524,370,2309,2304,1,0,0,0.0
1525,371,2245,2285,1,0,0,0.0
1526,372,2376,2298,1,0,0,0.0
1527,372,2316,2307,1,0,0,0.0
1528,372,2281,2301,1,0,0,0.0
1529,372,2182,2297,1,0,0,0.0
1530,373,2354,2298,1,0,0,0.0
1531,373,2463,2315,1,0,0,0.0
1532,373,2457,2334,1,0,0,0.0
1533,373,2330,2344,1,0,0,0.0
1534,374,2321,2338,1,0,0,0.0
1535,374,2384,2346,1,0,0,0.0
1536,374,2294,2348,1,0,0,0.0
1537,374,2369,2371,1,0,0,0.0
1538,375,2394,2376,1,0,0,0.0
1539,375,2419,2371,1,0,0,0.0
1540,375,2335,2355,1,0,0,0.0
1541,375,2325,2355,1,0,0,0.0
1542,376,2280,2350,1,0,0,0.0
1543,376,2278,2336,1,0,0,0.0
1544,376,2310,2338,1,0,0,0.0
1545,376,2341,2335,1,0,0,0.0
1546,377,2369,2332,1,0,0,0.0
1547,377,2261,2312,1,0,0,0.0
1548,377,2394,2319,1,0,0,0.0
1549,377,2284,2314,1,0,0,0.0
1550,378,2295,2316,1,0,0,0.0
1551,378,2248,2312,1,0,0,0.0
1552,378,2144,2292,1,0,0,0.0
1553,378,2339,2291,1,0,0,0.0
1554,379,2327,2286,1,0,0,0.0
1555,379,2263,2286,1,0,0,0.0
1556,379,2282,2272,1,0,0,0.0
1557,379,2307,2275,1,0,0,0.0
1558,380,2180,2261,1,0,0,0.0
1559,380,2241,2260,1,0,0,0.0
1560,380,2319,2282,1,0,0,0.0
1561,380,2195,2264,1,0,0,0.0
1562,381,2286,2259,1,0,0,0.0
1563,381,2187,2249,1,0,0,0.0
1564,381,2295,2251,1,0,0,0.0
1565,381,2265,2246,1,0,0,0.0
1566,382,2169,2244,1,0,0,0.0
1567,382,2335,2256,1,0,0,0.0
1568,382,2221,2244,1,0,0,0.0
1569,382,2215,2246,1,0,0,0.0
1570,383,2274,2245,1,0,0,0.0
1571,383,2329,2262,1,0,0,0.0
1572,383,2196,2250,1,0,0,0.0
1573,383,2257,2249,1,0,0,0.0
1574,384,2275,2262,1,0,0,0.0
1575,384,2286,2256,1,0,0,0.0
1576,385,2250,2260,1,0,0,0.0
1577,385,2214,2260,1,0,0,0.0
1578,385,2185,2249,1,0,0,0.0
1579,385,2243,2238,1,0,0,0.0
1580,386,2183,2236,1,0,0,0.0
1581,386,2090,2215,1,0,0,0.0
1582,386,2319,2221,1,0,0,0.0
1583,386,2385,2233,1,0,0,0.0
1584,387,2239,2232,1,0,0,0.0
1585,387,2381,2253,1,0,0,0.0
1586,387,2549,2298,1,0,0,0.0
1587,388,2713,2357,1,0,0,0.0
1588,388,2673,2418,1,0,0,0.0
1589,388,2711,2496,1,0,0,0.0
1590,388,2822,2559,1,0,0,0.0
1591,389,2986,2634,1,0,0,0.0
1592,389,2921,2719,1,0,0,0.0
1593,389,2952,2790,1,0,0,0.0
1594,389,2990,2846,1,0,0,0.0
1595,389,2960,2876,1,0,0,0.0
1596,390,3002,2918,1,0,0,0.0
1597,390,3048,2960,1,0,0,0.0
1598,390,2909,2971,1,0,0,0.0
1599,390,2800,2947,1,0,0,0.0
1600,391,2716,2922,1,0,0,0.0
1601,391,2554,2872,1,0,0,0.0
1602,391,2618,2825,1,0,0,0.0
1603,392,2484,2766,1,0,0,0.0
1604,392,2412,2692,1,0,0,0.0
1605,392,2560,2631,1,0,0,0.0
1606,392,2345,2561,1,0,0,0.0
1607,393,2253,2492,1,0,0,0.0
1608,393,2254,2435,1,0,0,0.0
1609,393,2339,2408,1,0,0,0.0
1610,393,2275,2365,1,0,0,0.0
1611,394,2184,2327,1,0,0,0.0
1612,394,2330,2317,1,0,0,0.0
1613,394,2242,2277,1,0,0,0.0
1614,394,2401,2284,1,0,0,0.0
1615,395,2360,2298,1,0,0,0.0
1616,395,2275,2300,1,0,0,0.0
1617,395,2385,2306,1,0,0,0.0
1618,395,2319,2312,1,0,0,0.0
1619,396,2372,2335,1,0,0,0.0
1620,396,2356,2338,1,0,0,0.0
1621,396,2282,2343,1,0,0,0.0
1622,396,2301,2331,1,0,0,0.0
1623,397,2408,2337,1,0,0,0.0
1624,397,2333,2344,1,0,0,0.0
1625,397,2336,2338,1,0,0,0.0
1626,398,2310,2337,1,0,0,0.0
1627,398,2401,2340,1,0,0,0.0
1628,398,2507,2359,1,0,0,0.0
1629,398,2327,2365,1,0,0,0.0
1630,399,2401,2377,1,0,0,0.0
1631,399,2492,2388,1,0,0,0.0
1632,399,2410,2398,1,0,0,0.0
1633,399,2450,2412,1,0,0,0.0
1634,400,2366,2419,1,0,0,0.0
1635,400,2463,2427,1,0,0,0.0
1636,400,2433,2417,1,0,0,0.0
1637,400,2509,2440,1,0,0,0.0
1638,401,2527,2456,1,0,0,0.0
1639,401,2616,2471,1,0,0,0.0
1640,401,2500,2483,1,0,0,0.0
1641,401,2488,2487,1,0,0,0.0
1642,402,2483,2502,1,0,0,0.0
1643,402,2452,2501,1,0,0,0.0
1644,402,2495,2508,1,0,0,0.0
1645,402,2457,2502,1,0,0,0.0
1646,403,2484,2496,1,0,0,0.0
1647,403,2552,2488,1,0,0,0.0
1648,403,2410,2477,1,0,0,0.0
1649,403,2536,2483,1,0,0,0.0
1650,404,2543,2491,1,0,0,0.0
1651,404,2452,2491,1,0,0,0.0
1652,404,2327,2470,1,0,0,0.0
1653,404,2412,2464,1,0,0,0.0
1654,405,2520,2469,1,0,0,0.0
1655,405,2435,2454,1,0,0,0.0
1656,405,2369,2449,1,0,0,0.0
1657,405,2392,2431,1,0,0,0.0
1658,406,2465,2421,1,0,0,0.0
1659,406,2440,2420,1,0,0,0.0
1660,406,2385,2427,1,0,0,0.0
1661,406,2370,2422,1,0,0,0.0
1662,407,2361,2402,1,0,0,0.0
1663,407,2322,2388,1,0,0,0.0
1664,407,2467,2400,1,0,0,0.0
1665,407,2344,2394,1,0,0,0.0
1666,408,2430,2389,1,0,0,0.0
1667,408,2442,2390,1,0,0,0.0
1668,408,2405,2392,1,0,0,0.0
1669,408,2314,2385,1,0,0,0.0
1670,409,2359,2385,1,0,0,0.0
1671,409,2328,2386,1,0,0,0.0
1672,409,2271,2361,1,0,0,0.0
1673,409,2341,2361,1,0,0,0.0
1674,410,2247,2338,1,0,0,0.0
1675,410,2386,2331,1,0,0,0.0
1676,410,2284,2316,1,0,0,0.0
1677,410,2321,2317,1,0,0,0.0
1678,411,2324,2312,1,0,0,0.0
1679,411,2289,2307,1,0,0,0.0
1680,411,2338,2316,1,0,0,0.0
1681,411,2273,2307,1,0,0,0.0
1682,412,2352,2320,1,0,0,0.0
1683,412,2218,2299,1,0,0,0.0
1684,412,2306,2302,1,0,0,0.0
1685,412,2414,2314,1,0,0,0.0
1686,413,2237,2303,1,0,0,0.0
1687,413,2256,2299,1,0,0,0.0
1688,413,2327,2297,1,0,0,0.0
1689,413,2306,2302,1,0,0,0.0
1690,414,2315,2297,1,0,0,0.0
1691,414,2323,2310,1,0,0,0.0
1692,414,2332,2313,1,0,0,0.0
1693,415,2361,2307,1,0,0,0.0
1694,415,2320,2317,1,0,0,0.0
1695,415,2281,2320,1,0,0,0.0
1696,415,2336,2321,1,0,0,0.0
1697,416,2411,2334,1,0,0,0.0
1698,416,2289,2331,1,0,0,0.0
1699,416,2239,2321,1,0,0,0.0
1700,416,2365,2325,1,0,0,0.0
1701,417,2292,2316,1,0,0,0.0
1702,417,2170,2297,1,0,0,0.0
1703,417,2352,2306,1,0,0,0.0
1704,417,2271,2298,1,0,0,0.0
1705,418,2299,2284,1,0,0,0.0
1706,418,2325,2289,1,0,0,0.0
1707,418,2319,2299,1,0,0,0.0
1708,418,2352,2297,1,0,0,0.0
1709,419,2285,2296,1,0,0,0.0
1710,419,2344,2318,1,0,0,0.0
1711,419,2300,2311,1,0,0,0.0
1712,420,2362,2323,1,0,0,0.0
1713,420,2357,2330,1,0,0,0.0
1714,420,2267,2323,1,0,0,0.0
1715,420,2391,2332,1,0,0,0.0
1716,421,2297,2325,1,0,0,0.0
1717,421,2381,2337,1,0,0,0.0
1718,421,2357,2339,1,0,0,0.0
1719,421,2449,2357,1,0,0,0.0
1720,421,2328,2353,1,0,0,0.0
1721,422,2324,2349,1,0,0,0.0
1722,422,2346,2359,1,0,0,0.0
1723,422,2332,2351,1,0,0,0.0
1724,422,2401,2364,1,0,0,0.0
1725,423,2258,2349,1,0,0,0.0
1726,423,2294,2341,1,0,0,0.0
1727,423,2295,2322,1,0,0,0.0
1728,424,2418,2333,1,0,0,0.0
1729,424,2464,2351,1,0,0,0.0
1730,424,2356,2352,1,0,0,0.0
1731,424,2353,2354,1,0,0,0.0
1732,425,2367,2350,1,0,0,0.0
1733,425,2432,2372,1,0,0,0.0
1734,425,2306,2373,1,0,0,0.0
1735,425,2374,2383,1,0,0,0.0
1736,426,2417,2383,1,0,0,0.0
1737,426,2387,2374,1,0,0,0.0
1738,426,2366,2375,1,0,0,0.0
1739,426,2413,2382,1,0,0,0.0
1740,427,2188,2360,1,0,0,0.0
1741,427,2388,2354,1,0,0,0.0
1742,427,2306,2354,1,0,0,0.0
1743,427,2232,2337,1,0,0,0.0
1744,428,2370,2331,1,0,0,0.0
1745,428,2419,2335,1,0,0,0.0
1746,428,2326,2330,1,0,0,0.0
1747,428,2389,2327,1,0,0,0.0
1748,429,2426,2357,1,0,0,0.0
1749,429,2406,2359,1,0,0,0.0
1750,429,2423,2373,1,0,0,0.0
1751,430,2367,2390,1,0,0,0.0
1752,430,2325,2385,1,0,0,0.0
1753,430,2223,2360,1,0,0,0.0
1754,430,2303,2357,1,0,0,0.0
1755,431,2266,2342,1,0,0,0.0
1756,431,2446,2344,1,0,0,0.0
1757,431,2304,2332,1,0,0,0.0
1758,431,2321,2319,1,0,0,0.0
1759,432,2346,2316,1,0,0,0.0
1760,432,2315,2315,1,0,0,0.0
1761,432,2413,2339,1,0,0,0.0
1762,432,2274,2335,1,0,0,0.0
1763,433,2323,2342,1,0,0,0.0
1764,433,2266,2320,1,0,0,0.0
1765,433,2231,2311,1,0,0,0.0
1766,433,2273,2305,1,0,0,0.0
1767,434,2307,2300,1,0,0,0.0
1768,434,2283,2296,1,0,0,0.0
1769,434,2266,2277,1,0,0,0.0
1770,434,2222,2271,1,0,0,0.0
1771,435,2300,2268,1,0,0,0.0
1772,435,2212,2261,1,0,0,0.0
1773,435,2345,2276,1,0,0,0.0
1774,435,2302,2279,1,0,0,0.0
1775,436,2207,2267,1,0,0,0.0
1776,436,2274,2266,1,0,0,0.0
1777,436,2248,2263,1,0,0,0.0
1778,437,2315,2275,1,0,0,0.0
1779,437,2384,2285,1,0,0,0.0
1780,437,2203,2284,1,0,0,0.0
1781,437,2341,2284,1,0,0,0.0
1782,438,2349,2290,1,0,0,0.0
1783,438,2430,2318,1,0,0,0.0
1784,438,2441,2338,1,0,0,0.0
1785,438,2426,2361,1,0,0,0.0
1786,439,2499,2384,1,0,0,0.0
1787,439,2519,2401,1,0,0,0.0
1788,439,2680,2460,1,0,0,0.0
1789,439,2662,2500,1,0,0,0.0
1790,439,2814,2558,1,0,0,0.0
1791,440,2726,2595,1,0,0,0.0
1792,440,2707,2629,1,0,0,0.0
1793,440,2667,2659,1,0,0,0.0
1794,441,2644,2677,1,0,0,0.0
1795,441,2639,2692,1,0,0,0.0
1796,441,2721,2697,1,0,0,0.0
1797,441,2697,2701,1,0,0,0.0
1798,442,2526,2665,1,0,0,0.0
1799,442,2625,2653,1,0,0,0.0
1800,442,2492,2626,1,0,0,0.0
1801,443,2482,2603,1,0,0,0.0
1802,443,2527,2588,1,0,0,0.0
1803,443,2447,2564,1,0,0,0.0
1804,443,2348,2518,1,0,0,0.0
1805,444,2288,2466,1,0,0,0.0
1806,444,2198,2425,1,0,0,0.0
1807,444,2275,2382,1,0,0,0.0
1808,444,2301,2358,1,0,0,0.0
1809,445,2254,2329,1,0,0,0.0
1810,445,2308,2302,1,0,0,0.0
1811,445,2324,2287,1,0,0,0.0
1812,445,2310,2282,1,0,0,0.0
1813,446,2288,2282,1,0,0,0.0
1814,446,2341,2300,1,0,0,0.0
1815,446,2362,2311,1,0,0,0.0
1816,447,2273,2307,1,0,0,0.0
1817,447,2427,2329,1,0,0,0.0
1818,447,2340,2333,1,0,0,0.0
1819,448,2351,2336,1,0,0,0.0
1820,448,2396,2347,1,0,0,0.0
1821,448,2371,2357,1,0,0,0.0
1822,448,2419,2367,1,0,0,0.0
1823,448,2383,2370,1,0,0,0.0
1824,449,2333,2377,1,0,0,0.0
1825,449,2396,2373,1,0,0,0.0
1826,449,2310,2369,1,0,0,0.0
1827,450,2390,2374,1,0,0,0.0
1828,450,2386,2373,1,0,0,0.0
1829,450,2381,2374,1,0,0,0.0
1830,450,2390,2371,1,0,0,0.0
1831,450,2290,2359,1,0,0,0.0
1832,451,2374,2364,1,0,0,0.0
1833,451,2417,2367,1,0,0,0.0
1834,451,2425,2381,1,0,0,0.0
1835,451,2358,2377,1,0,0,0.0
1836,452,2499,2391,1,0,0,0.0
1837,452,2374,2390,1,0,0,0.0
1838,452,2487,2403,1,0,0,0.0
1839,452,2457,2423,1,0,0,0.0
1840,452,2395,2426,1,0,0,0.0
1841,453,2541,2442,1,0,0,0.0
1842,453,2364,2434,1,0,0,0.0
1843,453,2492,2451,1,0,0,0.0
1844,453,2497,2450,1,0,0,0.0
1845,453,2396,2453,1,0,0,0.0
1846,454,2519,2457,1,0,0,0.0
1847,454,2419,2452,1,0,0,0.0
1848,454,2449,2459,1,0,0,0.0
1849,454,2445,2447,1,0,0,0.0
1850,455,2419,2454,1,0,0,0.0
1851,455,2472,2452,1,0,0,0.0
1852,455,2468,2448,1,0,0,0.0
1853,455,2312,2437,1,0,0,0.0
1854,456,2491,2434,1,0,0,0.0
1855,456,2309,2420,1,0,0,0.0
1856,456,2466,2422,1,0,0,0.0
1857,456,2468,2425,1,0,0,0.0
1858,456,2330,2414,1,0,0,0.0
1859,457,2366,2401,1,0,0,0.0
1860,457,2320,2382,1,0,0,0.0
1861,457,2370,2390,1,0,0,0.0
1862,457,2360,2373,1,0,0,0.0
1863,458,2421,2387,1,0,0,0.0
1864,458,2449,2385,1,0,0,0.0
1865,458,2450,2383,1,0,0,0.0
1866,458,2329,2383,1,0,0,0.0
1867,458,2347,2380,1,0,0,0.0
1868,459,2255,2372,1,0,0,0.0
1869,459,2305,2364,1,0,0,0.0
1870,459,2409,2370,1,0,0,0.0
1871,459,2445,2373,1,0,0,0.0
1872,460,2272,2351,1,0,0,0.0
1873,460,2308,2333,1,0,0,0.0
1874,460,2340,2335,1,0,0,0.0
1875,460,2357,2336,1,0,0,0.0
1876,461,2290,2340,1,0,0,0.0
1877,461,2363,2348,1,0,0,0.0
1878,461,2308,2335,1,0,0,0.0
1879,461,2335,2321,1,0,0,0.0
1880,462,2368,2333,1,0,0,0.0
1881,462,2334,2336,1,0,0,0.0
1882,462,2307,2332,1,0,0,0.0
1883,463,2326,2328,1,0,0,0.0
1884,463,2327,2333,1,0,0,0.0
1885,463,2310,2326,1,0,0,0.0
1886,463,2316,2327,1,0,0,0.0
1887,463,2428,2339,1,0,0,0.0
1888,464,2365,2339,1,0,0,0.0
1889,464,2314,2336,1,0,0,0.0
1890,464,2373,2344,1,0,0,0.0
1891,464,2311,2343,1,0,0,0.0
1892,465,2402,2352,1,0,0,0.0
1893,465,2354,2357,1,0,0,0.0
1894,465,2325,2359,1,0,0,0.0
1895,465,2358,2350,1,0,0,0.0
1896,465,2237,2334,1,0,0,0.0
1897,466,2264,2328,1,0,0,0.0
1898,466,2275,2315,1,0,0,0.0
1899,466,2357,2321,1,0,0,0.0
1900,466,2455,2328,1,0,0,0.0
1901,467,2488,2344,1,0,0,0.0
1902,467,2395,2353,1,0,0,0.0
1903,467,2390,2357,1,0,0,0.0
1904,467,2255,2359,1,0,0,0.0
1905,468,2334,2368,1,0,0,0.0
1906,468,2323,2374,1,0,0,0.0
1907,468,2337,2372,1,0,0,0.0
1908,468,2368,2361,1,0,0,0.0
1909,468,2353,2344,1,0,0,0.0
1910,469,2267,2328,1,0,0,0.0
1911,469,2434,2333,1,0,0,0.0
1912,469,2328,2343,1,0,0,0.0
1913,469,2410,2352,1,0,0,0.0
1914,469,2523,2377,1,0,0,0.0
1915,470,2346,2378,1,0,0,0.0
1916,470,2252,2364,1,0,0,0.0
1917,470,2389,2368,1,0,0,0.0
1918,470,2473,2394,1,0,0,0.0
1919,471,2526,2405,1,0,0,0.0
1920,471,2335,2406,1,0,0,0.0
1921,471,2439,2410,1,0,0,0.0
1922,471,2381,2392,1,0,0,0.0
1923,471,2402,2399,1,0,0,0.0
1924,472,2566,2438,1,0,0,0.0
1925,472,2315,2429,1,0,0,0.0
1926,472,2419,2422,1,0,0,0.0
1927,472,2429,2410,1,0,0,0.0
1928,473,2463,2426,1,0,0,0.0
1929,473,2401,2422,1,0,0,0.0
1930,473,2411,2425,1,0,0,0.0
1931,473,2365,2421,1,0,0,0.0
1932,474,2401,2400,1,0,0,0.0
1933,474,2361,2406,1,0,0,0.0
1934,474,2416,2405,1,0,0,0.0
1935,474,2353,2396,1,0,0,0.0
1936,474,2394,2387,1,0,0,0.0
1937,475,2366,2383,1,0,0,0.0
1938,475,2433,2386,1,0,0,0.0
1939,475,2359,2385,1,0,0,0.0
1940,475,2253,2366,1,0,0,0.0
1941,476,2432,2375,1,0,0,0.0
1942,476,2300,2361,1,0,0,0.0
1943,476,2313,2356,1,0,0,0.0
1944,476,2315,2346,1,0,0,0.0
1945,477,2431,2354,1,0,0,0.0
1946,477,2219,2327,1,0,0,0.0
1947,477,2534,2349,1,0,0,0.0
1948,477,2408,2369,1,0,0,0.0
1949,478,2357,2359,1,0,0,0.0
1950,478,2339,2364,1,0,0,0.0
1951,478,2359,2370,1,0,0,0.0
1952,478,2373,2377,1,0,0,0.0
1953,479,2380,2371,1,0,0,0.0
1954,479,2374,2390,1,0,0,0.0
1955,479,2345,2366,1,0,0,0.0
1956,479,2327,2356,1,0,0,0.0
1957,480,2329,2353,1,0,0,0.0
1958,480,2326,2351,1,0,0,0.0
1959,480,2404,2357,1,0,0,0.0
1960,480,2370,2356,1,0,0,0.0
1961,480,2155,2328,1,0,0,0.0
1962,481,2368,2328,1,0,0,0.0
1963,481,2337,2327,1,0,0,0.0
1964,481,2320,2326,1,0,0,0.0
1965,481,2295,2321,1,0,0,0.0
1966,482,2384,2329,1,0,0,0.0
1967,482,2374,2325,1,0,0,0.0
1968,482,2275,2313,1,0,0,0.0
1969,482,2355,2338,1,0,0,0.0
1970,483,2288,2328,1,0,0,0.0
1971,483,2287,2322,1,0,0,0.0
1972,483,2364,2327,1,0,0,0.0
1973,483,2493,2352,1,0,0,0.0
1974,483,2547,2372,1,0,0,0.0
1975,484,2574,2397,1,0,0,0.0
1976,484,2646,2444,1,0,0,0.0
1977,484,2694,2486,1,0,0,0.0
1978,485,2684,2536,1,0,0,0.0
1979,485,2803,2600,1,0,0,0.0
1980,485,2872,2664,1,0,0,0.0
1981,485,2905,2715,1,0,0,0.0
1982,485,2954,2766,1,0,0,0.0
1983,486,2932,2811,1,0,0,0.0
1984,486,2902,2843,1,0,0,0.0
1985,486,2921,2871,1,0,0,0.0
1986,486,2817,2888,1,0,0,0.0
1987,487,2716,2877,1,0,0,0.0
1988,487,2702,2856,1,0,0,0.0
1989,487,2605,2818,1,0,0,0.0
1990,487,2547,2767,1,0,0,0.0
1991,488,2520,2716,1,0,0,0.0
1992,488,2429,2657,1,0,0,0.0
1993,488,2413,2593,1,0,0,0.0
1994,488,2283,2526,1,0,0,0.0
1995,489,2383,2485,1,0,0,0.0
1996,489,2353,2441,1,0,0,0.0
1997,489,2293,2402,1,0,0,0.0
1998,489,2378,2381,1,0,0,0.0
1999,490,2394,2365,1,0,0,0.0
2000,490,2244,2342,1,0,0,0.0
2001,491,2299,2328,1,0,0,0.0
2002,491,2303,2330,1,0,0,0.0
2003,491,2298,2320,1,0,0,0.0
2004,492,2409,2327,1,0,0,0.0
2005,492,2352,2334,1,0,0,0.0
2006,492,2353,2331,1,0,0,0.0
2007,492,2252,2313,1,0,0,0.0
2008,493,2415,2335,1,0,0,0.0
2009,493,2307,2336,1,0,0,0.0
2010,493,2389,2346,1,0,0,0.0
2011,493,2407,2360,1,0,0,0.0
2012,494,2477,2369,1,0,0,0.0
2013,494,2322,2365,1,0,0,0.0
2014,494,2225,2349,1,0,0,0.0
2015,494,2422,2370,1,0,0,0.0
2016,495,2525,2384,1,0,0,0.0
2017,495,2497,2408,1,0,0,0.0
2018,495,2441,2414,1,0,0,0.0
2019,495,2404,2414,1,0,0,0.0
2020,496,2488,2415,1,0,0,0.0
2021,496,2387,2423,1,0,0,0.0
2022,496,2479,2455,1,0,0,0.0
2023,496,2486,2463,1,0,0,0.0
2024,497,2524,2463,1,0,0,0.0
2025,497,2631,2480,1,0,0,0.0
2026,497,2493,2486,1,0,0,0.0
2027,498,2443,2491,1,0,0,0.0
2028,498,2475,2489,1,0,0,0.0
2029,498,2373,2488,1,0,0,0.0
2030,498,2440,2483,1,0,0,0.0
2031,499,2459,2479,1,0,0,0.0
2032,499,2453,2470,1,0,0,0.0
2033,499,2494,2453,1,0,0,0.0
2034,499,2435,2446,1,0,0,0.0
2035,500,2551,2460,1,0,0,0.0
2036,500,2483,2461,1,0,0,0.0
2037,500,2480,2474,1,0,0,0.0
2038,500,2458,2476,1,0,0,0.0
2039,501,2484,2479,1,0,0,0.0
2040,501,2521,2488,1,0,0,0.0
2041,501,2415,2478,1,0,0,0.0
2042,501,2423,2476,1,0,0,0.0
2043,502,2440,2463,1,0,0,0.0
2044,502,2372,2449,1,0,0,0.0
2045,502,2399,2439,1,0,0,0.0
2046,502,2414,2433,1,0,0,0.0
2047,503,2489,2434,1,0,0,0.0
2048,503,2447,2424,1,0,0,0.0
2049,503,2437,2427,1,0,0,0.0
2050,503,2471,2433,1,0,0,0.0
2051,504,2406,2429,1,0,0,0.0
2052,504,2433,2437,1,0,0,0.0
2053,505,2398,2436,1,0,0,0.0
2054,505,2415,2437,1,0,0,0.0
2055,505,2359,2420,1,0,0,0.0
2056,505,2243,2395,1,0,0,0.0
2057,506,2377,2387,1,0,0,0.0
2058,506,2467,2387,1,0,0,0.0
2059,506,2433,2390,1,0,0,0.0
2060,506,2432,2390,1,0,0,0.0
2061,507,2445,2396,1,0,0,0.0
2062,507,2374,2391,1,0,0,0.0
2063,507,2377,2393,1,0,0,0.0
2064,507,2326,2403,1,0,0,0.0
2065,508,2342,2399,1,0,0,0.0
2066,508,2396,2390,1,0,0,0.0
2067,508,2430,2390,1,0,0,0.0
2068,509,2347,2379,1,0,0,0.0
2069,509,2320,2364,1,0,0,0.0
2070,509,2347,2360,1,0,0,0.0
2071,509,2383,2361,1,0,0,0.0
2072,510,2260,2353,1,0,0,0.0
2073,510,2209,2336,1,0,0,0.0
2074,510,2314,2326,1,0,0,0.0
2075,510,2274,2306,1,0,0,0.0
2076,511,2316,2302,1,0,0,0.0
2077,511,2338,2305,1,0,0,0.0
2078,511,2320,2301,1,0,0,0.0
2079,512,2434,2308,1,0,0,0.0
2080,512,2367,2321,1,0,0,0.0
2081,512,2365,2341,1,0,0,0.0
2082,513,2385,2349,1,0,0,0.0
2083,513,2279,2350,1,0,0,0.0
2084,513,2410,2362,1,0,0,0.0
2085,513,2344,2363,1,0,0,0.0
2086,514,2389,2371,1,0,0,0.0
2087,514,2284,2352,1,0,0,0.0
2088,514,2256,2339,1,0,0,0.0
2089,514,2399,2343,1,0,0,0.0
2090,515,2373,2341,1,0,0,0.0
2091,515,2297,2344,1,0,0,0.0
2092,515,2300,2330,1,0,0,0.0
2093,515,2421,2339,1,0,0,0.0
2094,516,2283,2326,1,0,0,0.0
2095,516,2454,2347,1,0,0,0.0
2096,516,2303,2353,1,0,0,0.0
2097,516,2398,2353,1,0,0,0.0
2098,517,2342,2349,1,0,0,0.0
2099,517,2400,2362,1,0,0,0.0
2100,517,2334,2366,1,0,0,0.0
2101,518,2360,2359,1,0,0,0.0
2102,518,2375,2370,1,0,0,0.0
2103,518,2316,2353,1,0,0,0.0
2104,519,2424,2368,1,0,0,0.0
2105,519,2353,2363,1,0,0,0.0
2106,519,2374,2367,1,0,0,0.0
2107,519,2332,2358,1,0,0,0.0
2108,520,2243,2347,1,0,0,0.0
2109,520,2390,2350,1,0,0,0.0
2110,520,2551,2372,1,0,0,0.0
2111,520,2458,2390,1,0,0,0.0
2112,521,2414,2389,1,0,0,0.0
2113,521,2404,2395,1,0,0,0.0
2114,521,2425,2402,1,0,0,0.0
2115,521,2460,2418,1,0,0,0.0
2116,522,2360,2432,1,0,0,0.0
2117,522,2501,2446,1,0,0,0.0
2118,522,2480,2437,1,0,0,0.0
2119,522,2483,2440,1,0,0,0.0
2120,523,2468,2447,1,0,0,0.0
2121,523,2444,2452,1,0,0,0.0
2122,523,2483,2459,1,0,0,0.0
2123,523,2479,2462,1,0,0,0.0
2124,524,2421,2469,1,0,0,0.0
2125,524,2407,2458,1,0,0,0.0
2126,525,2445,2453,1,0,0,0.0
2127,525,2530,2459,1,0,0,0.0
2128,525,2360,2446,1,0,0,0.0
2129,525,2343,2433,1,0,0,0.0
2130,526,2437,2427,1,0,0,0.0
2131,526,2426,2421,1,0,0,0.0
2132,526,2429,2422,1,0,0,0.0
2133,526,2429,2424,1,0,0,0.0
2134,527,2396,2418,1,0,0,0.0
2135,527,2495,2414,1,0,0,0.0
2136,527,2304,2407,1,0,0,0.0
2137,527,2346,2407,1,0,0,0.0
2138,528,2385,2401,1,0,0,0.0
2139,528,2289,2384,1,0,0,0.0
2140,528,2372,2377,1,0,0,0.0
2141,528,2479,2383,1,0,0,0.0
2142,529,2377,2380,1,0,0,0.0
2143,529,2386,2367,1,0,0,0.0
2144,529,2293,2365,1,0,0,0.0
2145,529,2329,2363,1,0,0,0.0
2146,530,2341,2358,1,0,0,0.0
2147,530,2342,2364,1,0,0,0.0
2148,530,2436,2372,1,0,0,0.0
2149,530,2391,2361,1,0,0,0.0
2150,531,2289,2350,1,0,0,0.0
2151,531,2369,2348,1,0,0,0.0
2152,532,2383,2360,1,0,0,0.0
2153,532,2420,2371,1,0,0,0.0
2154,532,2446,2384,1,0,0,0.0
2155,532,2289,2377,1,0,0,0.0
2156,533,2301,2361,1,0,0,0.0
2157,533,2273,2346,1,0,0,0.0
2158,533,2334,2351,1,0,0,0.0
2159,533,2375,2352,1,0,0,0.0
2160,534,2404,2355,1,0,0,0.0
2161,534,2339,2345,1,0,0,0.0
2162,534,2321,2329,1,0,0,0.0
2163,534,2346,2336,1,0,0,0.0
2164,535,2283,2334,1,0,0,0.0
2165,535,2453,2356,1,0,0,0.0
2166,535,2227,2343,1,0,0,0.0
2167,535,2330,2337,1,0,0,0.0
2168,536,2438,2342,1,0,0,0.0
2169,536,2319,2339,1,0,0,0.0
2170,536,2313,2338,1,0,0,0.0
2171,536,2317,2335,1,0,0,0.0
2172,537,2349,2343,1,0,0,0.0
2173,537,2474,2345,1,0,0,0.0
2174,537,2302,2355,1,0,0,0.0
2175,537,2579,2386,1,0,0,0.0
2176,538,2465,2389,1,0,0,0.0
2177,538,2605,2425,1,0,0,0.0
2178,539,2671,2470,1,0,0,0.0
2179,539,2809,2531,1,0,0,0.0
2180,539,2753,2582,1,0,0,0.0
2181,540,2945,2641,1,0,0,0.0
2182,540,3096,2740,1,0,0,0.0
2183,540,2936,2785,1,0,0,0.0
2184,540,3054,2858,1,0,0,0.0
2185,541,3008,2909,1,0,0,0.0
2186,541,3058,2957,1,0,0,0.0
2187,541,2999,2981,1,0,0,0.0
2188,541,2907,3000,1,0,0,0.0
2189,542,2909,2995,1,0,0,0.0
2190,542,2913,2973,1,0,0,0.0
2191,542,2714,2945,1,0,0,0.0
2192,542,2689,2899,1,0,0,0.0
2193,543,2494,2835,1,0,0,0.0
2194,543,2449,2759,1,0,0,0.0
2195,543,2479,2694,1,0,0,0.0
2196,543,2497,2643,1,0,0,0.0
2197,544,2398,2579,1,0,0,0.0
2198,544,2337,2507,1,0,0,0.0
2199,544,2344,2460,1,0,0,0.0
2200,544,2265,2407,1,0,0,0.0
2201,545,2376,2393,1,0,0,0.0
2202,545,2397,2386,1,0,0,0.0
2203,545,2322,2367,1,0,0,0.0
2204,546,2327,2345,1,0,0,0.0
2205,546,2378,2343,1,0,0,0.0
2206,546,2341,2343,1,0,0,0.0
2207,546,2369,2346,1,0,0,0.0
2208,547,2505,2376,1,0,0,0.0
2209,547,2369,2376,1,0,0,0.0
2210,547,2368,2372,1,0,0,0.0
2211,548,2356,2376,1,0,0,0.0
2212,548,2445,2391,1,0,0,0.0
2213,548,2396,2393,1,0,0,0.0
2214,548,2374,2397,1,0,0,0.0
2215,548,2498,2413,1,0,0,0.0
2216,549,2511,2414,1,0,0,0.0
2217,549,2397,2418,1,0,0,0.0
2218,549,2328,2413,1,0,0,0.0
2219,549,2507,2432,1,0,0,0.0
2220,550,2413,2428,1,0,0,0.0
2221,550,2509,2442,1,0,0,0.0
2222,550,2350,2439,1,0,0,0.0
2223,550,2529,2443,1,0,0,0.0
2224,551,2409,2430,1,0,0,0.0
2225,551,2532,2447,1,0,0,0.0
2226,551,2495,2468,1,0,0,0.0
2227,552,2443,2460,1,0,0,0.0
2228,552,2481,2468,1,0,0,0.0
2229,552,2551,2473,1,0,0,0.0
2230,552,2520,2495,1,0,0,0.0
2231,553,2552,2497,1,0,0,0.0
2232,553,2638,2526,1,0,0,0.0
2233,553,2428,2513,1,0,0,0.0
2234,554,2620,2529,1,0,0,0.0
2235,554,2529,2539,1,0,0,0.0
2236,554,2469,2538,1,0,0,0.0
2237,554,2441,2524,1,0,0,0.0
2238,554,2508,2523,1,0,0,0.0
2239,555,2572,2525,1,0,0,0.0
2240,555,2505,2509,1,0,0,0.0
2241,555,2599,2530,1,0,0,0.0
2242,556,2417,2505,1,0,0,0.0
2243,556,2498,2501,1,0,0,0.0
2244,556,2417,2494,1,0,0,0.0
2245,556,2508,2503,1,0,0,0.0
2246,557,2533,2506,1,0,0,0.0
2247,557,2447,2490,1,0,0,0.0
2248,557,2309,2466,1,0,0,0.0
2249,557,2470,2449,1,0,0,0.0
2250,558,2477,2457,1,0,0,0.0
2251,558,2468,2453,1,0,0,0.0
2252,558,2510,2465,1,0,0,0.0
2253,559,2365,2447,1,0,0,0.0
2254,559,2463,2438,1,0,0,0.0
2255,559,2487,2443,1,0,0,0.0
2256,559,2302,2442,1,0,0,0.0
2257,559,2422,2436,1,0,0,0.0
2258,560,2367,2423,1,0,0,0.0
2259,560,2386,2412,1,0,0,0.0
2260,560,2407,2399,1,0,0,0.0
2261,560,2352,2398,1,0,0,0.0
2262,561,2336,2382,1,0,0,0.0
2263,561,2375,2368,1,0,0,0.0
2264,561,2304,2368,1,0,0,0.0
2265,561,2300,2353,1,0,0,0.0
2266,562,2403,2357,1,0,0,0.0
2267,562,2290,2345,1,0,0,0.0
2268,562,2397,2344,1,0,0,0.0
2269,562,2382,2348,1,0,0,0.0
2270,563,2249,2337,1,0,0,0.0
2271,563,2310,2329,1,0,0,0.0
2272,563,2421,2344,1,0,0,0.0
2273,563,2289,2342,1,0,0,0.0
2274,564,2319,2332,1,0,0,0.0
2275,564,2373,2342,1,0,0,0.0
2276,564,2392,2341,1,0,0,0.0
2277,565,2329,2335,1,0,0,0.0
2278,565,2307,2342,1,0,0,0.0
2279,565,2428,2357,1,0,0,0.0
2280,565,2446,2360,1,0,0,0.0
2281,566,2400,2374,1,0,0,0.0
2282,566,2346,2377,1,0,0,0.0
2283,566,2292,2367,1,0,0,0.0
2284,566,2291,2354,1,0,0,0.0
2285,567,2372,2360,1,0,0,0.0
2286,567,2365,2367,1,0,0,0.0
2287,567,2424,2367,1,0,0,0.0
2288,567,2379,2358,1,0,0,0.0
2289,568,2249,2339,1,0,0,0.0
2290,568,2402,2346,1,0,0,0.0
2291,568,2279,2345,1,0,0,0.0
2292,568,2316,2348,1,0,0,0.0
2293,569,2354,2346,1,0,0,0.0
2294,569,2458,2357,1,0,0,0.0
2295,569,2525,2370,1,0,0,0.0
2296,570,2375,2369,1,0,0,0.0
2297,570,2327,2379,1,0,0,0.0
2298,570,2370,2375,1,0,0,0.0
2299,570,2391,2389,1,0,0,0.0
2300,571,2319,2389,1,0,0,0.0
2301,572,2446,2401,1,0,0,0.0
2302,572,2352,2388,1,0,0,0.0
2303,572,2368,2368,1,0,0,0.0
2304,572,2378,2368,1,0,0,0.0
2305,573,2363,2373,1,0,0,0.0
2306,573,2388,2375,1,0,0,0.0
2307,573,2300,2364,1,0,0,0.0
2308,573,2304,2362,1,0,0,0.0
2309,574,2271,2340,1,0,0,0.0
2310,574,2363,2341,1,0,0,0.0
2311,574,2384,2343,1,0,0,0.0
2312,574,2364,2342,1,0,0,0.0
2313,575,2437,2351,1,0,0,0.0
2314,575,2337,2345,1,0,0,0.0
2315,575,2377,2354,1,0,0,0.0
2316,575,2271,2350,1,0,0,0.0
2317,576,2314,2355,1,0,0,0.0
2318,576,2379,2357,1,0,0,0.0
2319,576,2388,2358,1,0,0,0.0
2320,576,2320,2352,1,0,0,0.0
2321,577,2334,2340,1,0,0,0.0
2322,577,2247,2328,1,0,0,0.0
2323,577,2317,2321,1,0,0,0.0
2324,577,2393,2336,1,0,0,0.0
2325,577,2375,2344,1,0,0,0.0
2326,578,2371,2343,1,0,0,0.0
2327,578,2345,2337,1,0,0,0.0
2328,578,2344,2340,1,0,0,0.0
2329,579,2305,2337,1,0,0,0.0
2330,579,2389,2354,1,0,0,0.0
2331,579,2374,2362,1,0,0,0.0
2332,579,2380,2360,1,0,0,0.0
2333,580,2322,2353,1,0,0,0.0
2334,580,2227,2335,1,0,0,0.0
2335,580,2424,2345,1,0,0,0.0
2336,580,2333,2344,1,0,0,0.0
2337,580,2313,2345,1,0,0,0.0
2338,581,2410,2347,1,0,0,0.0
2339,581,2349,2344,1,0,0,0.0
2340,581,2440,2352,1,0,0,0.0
2341,581,2417,2364,1,0,0,0.0
2342,581,2425,2388,1,0,0,0.0
2343,582,2306,2374,1,0,0,0.0
2344,582,2465,2390,1,0,0,0.0
2345,582,2411,2402,1,0,0,0.0
2346,582,2377,2398,1,0,0,0.0
2347,582,2411,2406,1,0,0,0.0
2348,583,2299,2388,1,0,0,0.0
2349,583,2433,2390,1,0,0,0.0
2350,583,2349,2381,1,0,0,0.0
2351,584,2332,2384,1,0,0,0.0
2352,584,2323,2366,1,0,0,0.0
2353,584,2483,2375,1,0,0,0.0
2354,584,2378,2376,1,0,0,0.0
2355,584,2508,2388,1,0,0,0.0
2356,585,2383,2398,1,0,0,0.0
2357,585,2312,2383,1,0,0,0.0
2358,585,2346,2383,1,0,0,0.0
2359,585,2485,2402,1,0,0,0.0
2360,585,2399,2411,1,0,0,0.0
2361,586,2372,2397,1,0,0,0.0
2362,586,2411,2402,1,0,0,0.0
2363,586,2428,2392,1,0,0,0.0
2364,586,2461,2401,1,0,0,0.0
2365,586,2477,2422,1,0,0,0.0
2366,587,2364,2424,1,0,0,0.0
2367,587,2302,2401,1,0,0,0.0
2368,587,2353,2396,1,0,0,0.0
2369,587,2389,2398,1,0,0,0.0
2370,588,2311,2385,1,0,0,0.0
2371,588,2308,2370,1,0,0,0.0
2372,588,2382,2360,1,0,0,0.0
2373,588,2355,2345,1,0,0,0.0
2374,588,2356,2344,1,0,0,0.0
2375,589,2305,2344,1,0,0,0.0
2376,589,2334,2342,1,0,0,0.0
2377,589,2290,2330,1,0,0,0.0
2378,590,2396,2340,1,0,0,0.0
2379,590,2403,2352,1,0,0,0.0
2380,590,2228,2333,1,0,0,0.0
2381,590,2281,2324,1,0,0,0.0
2382,590,2245,2310,1,0,0,0.0
2383,591,2295,2309,1,0,0,0.0
2384,591,2327,2308,1,0,0,0.0
2385,591,2244,2302,1,0,0,0.0
2386,591,2275,2287,1,0,0,0.0
2387,591,2269,2270,1,0,0,0.0
2388,592,2341,2284,1,0,0,0.0
2389,592,2332,2291,1,0,0,0.0
2390,592,2284,2295,1,0,0,0.0
2391,592,2336,2301,1,0,0,0.0
2392,592,2292,2296,1,0,0,0.0
2393,593,2306,2304,1,0,0,0.0
2394,593,2421,2322,1,0,0,0.0
2395,593,2398,2338,1,0,0,0.0
2396,593,2235,2325,1,0,0,0.0
2397,593,2359,2328,1,0,0,0.0
2398,594,2353,2337,1,0,0,0.0
2399,594,2232,2324,1,0,0,0.0
2400,594,2347,2331,1,0,0,0.0
2401,594,2391,2342,1,0,0,0.0
2402,595,2235,2318,1,0,0,0.0
2403,595,2258,2301,1,0,0,0.0
2404,595,2391,2320,1,0,0,0.0
2405,595,2373,2322,1,0,0,0.0
2406,595,2425,2331,1,0,0,0.0
2407,596,2457,2359,1,0,0,0.0
2408,596,2514,2380,1,0,0,0.0
2409,596,2472,2390,1,0,0,0.0
2410,596,2681,2446,1,0,0,0.0
2411,596,2757,2508,1,0,0,0.0
2412,597,2740,2552,1,0,0,0.0
2413,597,2814,2607,1,0,0,0.0
2414,597,2778,2651,1,0,0,0.0
2415,597,2942,2712,1,0,0,0.0
2416,597,2971,2769,1,0,0,0.0
2417,598,2942,2828,1,0,0,0.0
2418,598,3004,2868,1,0,0,0.0
2419,598,2889,2885,1,0,0,0.0
2420,598,2900,2905,1,0,0,0.0
2421,598,2748,2896,1,0,0,0.0
2422,599,2743,2892,1,0,0,0.0
2423,599,2663,2857,1,0,0,0.0
2424,599,2617,2813,1,0,0,0.0
2425,599,2514,2759,1,0,0,0.0
2426,600,2467,2692,1,0,0,0.0
2427,600,2473,2640,1,0,0,0.0
2428,600,2357,2572,1,0,0,0.0
2429,600,2256,2511,1,0,0,0.0
2430,601,2437,2473,1,0,0,0.0
2431,601,2403,2440,1,0,0,0.0
2432,601,2237,2393,1,0,0,0.0
2433,601,2355,2373,1,0,0,0.0
2434,601,2286,2350,1,0,0,0.0
2435,602,2336,2333,1,0,0,0.0
2436,602,2344,2331,1,0,0,0.0
2437,602,2317,2339,1,0,0,0.0
2438,602,2290,2321,1,0,0,0.0
2439,603,2300,2308,1,0,0,0.0
2440,603,2291,2314,1,0,0,0.0
2441,603,2301,2308,1,0,0,0.0
2442,603,2352,2316,1,0,0,0.0
2443,604,2317,2314,1,0,0,0.0
2444,604,2406,2321,1,0,0,0.0
2445,604,2460,2339,1,0,0,0.0
2446,604,2341,2346,1,0,0,0.0
2447,604,2395,2357,1,0,0,0.0
2448,605,2417,2373,1,0,0,0.0
2449,605,2421,2388,1,0,0,0.0
2450,605,2403,2395,1,0,0,0.0
2451,606,2450,2411,1,0,0,0.0
2452,606,2440,2415,1,0,0,0.0
2453,606,2343,2401,1,0,0,0.0
2454,607,2476,2418,1,0,0,0.0
2455,607,2483,2429,1,0,0,0.0
2456,607,2390,2425,1,0,0,0.0
2457,607,2444,2428,1,0,0,0.0
2458,607,2488,2439,1,0,0,0.0
2459,608,2439,2437,1,0,0,0.0
2460,608,2521,2448,1,0,0,0.0
2461,608,2602,2480,1,0,0,0.0
2462,608,2417,2473,1,0,0,0.0
2463,608,2384,2460,1,0,0,0.0
2464,609,2487,2472,1,0,0,0.0
2465,609,2514,2481,1,0,0,0.0
2466,609,2458,2477,1,0,0,0.0
2467,609,2559,2492,1,0,0,0.0
2468,609,2391,2476,1,0,0,0.0
2469,610,2512,2465,1,0,0,0.0
2470,610,2432,2467,1,0,0,0.0
2471,610,2569,2490,1,0,0,0.0
2472,610,2583,2502,1,0,0,0.0
2473,610,2413,2489,1,0,0,0.0
2474,611,2422,2485,1,0,0,0.0
2475,611,2502,2478,1,0,0,0.0
2476,611,2422,2481,1,0,0,0.0
2477,611,2437,2472,1,0,0,0.0
2478,612,2435,2472,1,0,0,0.0
2479,612,2312,2440,1,0,0,0.0
2480,612,2420,2420,1,0,0,0.0
2481,612,2373,2415,1,0,0,0.0
2482,613,2378,2409,1,0,0,0.0
2483,613,2487,2408,1,0,0,0.0
2484,613,2319,2395,1,0,0,0.0
2485,613,2437,2395,1,0,0,0.0
2486,613,2365,2386,1,0,0,0.0
2487,614,2358,2392,1,0,0,0.0
2488,614,2417,2391,1,0,0,0.0
2489,614,2384,2393,1,0,0,0.0
2490,614,2392,2394,1,0,0,0.0
2491,614,2411,2385,1,0,0,0.0
2492,615,2328,2386,1,0,0,0.0
2493,615,2307,2370,1,0,0,0.0
2494,615,2274,2358,1,0,0,0.0
2495,615,2286,2349,1,0,0,0.0
2496,615,2509,2361,1,0,0,0.0
2497,616,2404,2363,1,0,0,0.0
2498,616,2245,2345,1,0,0,0.0
2499,616,2244,2324,1,0,0,0.0
