time_ms,adc_value,label
0,2063,0
4,2044,0
8,2067,0
12,2094,0
16,2041,0
20,2042,0
24,2096,0
28,2072,0
32,2036,0
36,2066,0
40,2037,0
44,2037,0
48,2060,0
52,1996,0
56,2003,0
60,2039,0
64,2027,0
68,2068,0
72,2034,0
76,2021,0
80,2109,0
84,2061,0
88,2073,0
92,2031,0
96,2061,0
100,2084,0
104,2049,0
108,2099,0
112,2073,0
116,2087,0
120,2081,0
124,2159,0
128,2106,0
132,2079,0
136,2138,0
140,2080,0
144,2126,0
148,2063,0
152,2084,0
156,2132,0
160,2149,0
164,2133,0
168,2124,0
172,2118,0
176,2082,0
180,2103,0
184,2109,0
188,2152,0
192,2128,0
196,2062,0
200,2121,0
204,2096,0
208,2084,0
212,2119,0
216,2128,0
220,2121,0
224,2064,0
228,2076,0
232,2092,0
236,2107,0
240,2060,0
244,2066,0
248,2036,0
252,2030,0
256,2088,0
260,2102,0
264,2057,0
268,2088,0
272,2067,0
276,2035,0
280,2064,0
284,2099,0
288,2051,0
292,2098,0
296,1972,0
300,2074,0
304,2052,0
308,2039,0
312,2050,0
316,1987,0
320,2038,0
324,2053,0
328,2084,0
332,2021,0
336,2008,0
340,2013,0
344,2052,0
348,2032,0
352,2007,0
356,2043,0
360,2040,0
364,2082,0
368,2057,0
372,2101,0
376,2142,0
380,2160,0
384,2271,0
388,2332,0
392,2389,0
396,2446,0
400,2469,0
404,2550,0
408,2591,0
412,2602,0
416,2630,0
420,2638,0
424,2658,0
428,2566,0
432,2516,0
436,2445,0
440,2323,0
444,2314,0
448,2253,0
452,2268,0
456,2140,0
460,2116,0
464,2077,0
468,2024,0
472,2082,0
476,2065,0
480,2066,0
484,2018,0
488,2091,0
492,2012,0
496,2077,0
500,2131,0
504,2040,0
508,2057,0
512,2082,0
516,2068,0
520,2042,0
524,2095,0
528,2066,0
532,2117,0
536,2081,0
540,2160,0
544,2096,0
548,2116,0
552,2156,0
556,2101,0
560,2150,0
564,2189,0
568,2107,0
572,2167,0
576,2175,0
580,2195,0
584,2140,0
588,2142,0
592,2201,0
596,2198,0
600,2199,0
604,2205,0
608,2176,0
612,2204,0
616,2206,0
620,2176,0
624,2252,0
628,2209,0
632,2157,0
636,2210,0
640,2157,0
644,2206,0
648,2213,0
652,2149,0
656,2197,0
660,2175,0
664,2182,0
668,2208,0
672,2138,0
676,2117,0
680,2107,0
684,2103,0
688,2119,0
692,2126,0
696,2118,0
700,2129,0
704,2100,0
708,2138,0
712,2082,0
716,2167,0
720,2100,0
724,2052,0
728,2042,0
732,2086,0
736,2062,0
740,2087,0
744,2077,0
748,2059,0
752,2034,0
756,2012,0
760,2043,0
764,2081,0
768,2060,0
772,2015,0
776,2057,0
780,2063,0
784,2024,0
788,2055,0
792,2051,0
796,2015,0
800,2060,0
804,2065,0
808,2081,0
812,2080,0
816,2007,0
820,2020,0
824,2063,0
828,2063,0
832,2063,0
836,2163,0
840,2065,0
844,2082,0
848,2077,0
852,2068,0
856,2039,0
860,2072,0
864,2026,0
868,2043,0
872,2036,0
876,2054,0
880,2121,0
884,1997,0
888,2075,0
892,2007,0
896,2043,0
900,2091,0
904,2062,0
908,2030,0
912,2043,0
916,2087,0
920,2048,0
924,2079,0
928,2077,0
932,2060,0
936,2147,0
940,2105,0
944,2029,0
948,2100,0
952,2078,0
956,2127,0
960,2082,0
964,2106,0
968,2128,0
972,2142,0
976,2083,0
980,2111,0
984,2109,0
988,2106,0
992,2179,0
996,2139,0
1000,2090,0
1004,2155,0
1008,2190,0
1012,2156,0
1016,2078,0
1020,2107,0
1024,2157,0
1028,2095,0
1032,2126,0
1036,2132,0
1040,2078,0
1044,2100,0
1048,2001,0
1052,2063,0
1056,2083,0
1060,2049,0
1064,2132,0
1068,2036,0
1072,2063,0
1076,2077,0
1080,2113,0
1084,2024,0
1088,2099,0
1092,2063,0
1096,2031,0
1100,2072,0
1104,2063,0
1108,2037,0
1112,2056,0
1116,2041,0
1120,2055,0
1124,2071,0
1128,2098,0
1132,2013,0
1136,2113,0
1140,1990,0
1144,2043,0
1148,2064,0
1152,2054,0
1156,2025,0
1160,2035,0
1164,2023,0
1168,2016,0
1172,2055,0
1176,2037,0
1180,2002,0
1184,2049,0
1188,2034,0
1192,2057,0
1196,2066,0
1200,2044,0
1204,2082,0
1208,2161,0
1212,2205,0
1216,2241,0
1220,2307,0
1224,2406,0
1228,2414,0
1232,2509,0
1236,2541,0
1240,2584,0
1244,2653,0
1248,2659,0
1252,2655,0
1256,2650,0
1260,2576,0
1264,2547,0
1268,2459,0
1272,2413,0
1276,2333,0
1280,2275,0
1284,2230,0
1288,2136,0
1292,2182,0
1296,2057,0
1300,2028,0
1304,2086,0
1308,2068,0
1312,2061,0
1316,2063,0
1320,2047,0
1324,2026,0
1328,2060,0
1332,2043,0
1336,2097,0
1340,2068,0
1344,2053,0
1348,2072,0
1352,2099,0
1356,2074,0
1360,2071,0
1364,2108,0
1368,2114,0
1372,2097,0
1376,2103,0
1380,2130,0
1384,2086,0
1388,2093,0
1392,2120,0
1396,2141,0
1400,2163,0
1404,2204,0
1408,2191,0
1412,2165,0
1416,2175,0
1420,2150,0
1424,2184,0
1428,2179,0
1432,2201,0
1436,2169,0
1440,2211,0
1444,2243,0
1448,2194,0
1452,2209,0
1456,2217,0
1460,2183,0
1464,2200,0
1468,2191,0
1472,2191,0
1476,2161,0
1480,2181,0
1484,2190,0
1488,2214,0
1492,2194,0
1496,2224,0
1500,2130,0
1504,2174,0
1508,2147,0
1512,2201,0
1516,2105,0
1520,2098,0
1524,2100,0
1528,2048,0
1532,2091,0
1536,2078,0
1540,2101,0
1544,2102,0
1548,2143,0
1552,2111,0
1556,2062,0
1560,2048,0
1564,2087,0
1568,2030,0
1572,2121,0
1576,2099,0
1580,2048,0
1584,2008,0
1588,2099,0
1592,2053,0
1596,2092,0
1600,2006,0
1604,2035,0
1608,2052,0
1612,2053,0
1616,2037,0
1620,2069,0
1624,2018,0
1628,2045,0
1632,2053,0
1636,2064,0
1640,2070,0
1644,2015,0
1648,2002,0
1652,2086,0
1656,2058,0
1660,2025,0
1664,2094,0
1668,2051,0
1672,2083,0
1676,2050,0
1680,2110,0
1684,2101,0
1688,2041,0
1692,2078,0
1696,2069,0
1700,2091,0
1704,2021,0
1708,2072,0
1712,2083,0
1716,2000,0
1720,2018,0
1724,1994,0
1728,2048,0
1732,2079,0
1736,2105,0
1740,2064,0
1744,2113,0
1748,2025,0
1752,2018,0
1756,2070,0
1760,2086,0
1764,2077,0
1768,2020,0
1772,2083,0
1776,2050,0
1780,2113,0
1784,2108,0
1788,2072,0
1792,2089,0
1796,2076,0
1800,2110,0
1804,2144,0
1808,2088,0
1812,2136,0
1816,2107,0
1820,2101,0
1824,2123,0
1828,2096,0
1832,2111,0
1836,2091,0
1840,2186,0
1844,2127,0
1848,2103,0
1852,2129,0
1856,2116,0
1860,2110,0
1864,2132,0
1868,2133,0
1872,2091,0
1876,2086,0
1880,2091,0
1884,2026,0
1888,2046,0
1892,2129,0
1896,2133,0
1900,2073,0
1904,2094,0
1908,2083,0
1912,2163,0
1916,2101,0
1920,2061,0
1924,2034,0
1928,2013,0
1932,2065,0
1936,2035,0
1940,2013,0
1944,2035,0
1948,2021,0
1952,2103,0
1956,2078,0
1960,2050,0
1964,2094,0
1968,2052,0
1972,2023,0
1976,2094,0
1980,2063,0
1984,2015,0
1988,2038,0
1992,2015,0
1996,1997,0
2000,2063,0
2004,2088,0
2008,1985,0
2012,2041,0
2016,2003,0
2020,2009,0
2024,2012,0
2028,2016,0
2032,2062,0
2036,2063,0
2040,2132,0
2044,2168,0
2048,2215,0
2052,2255,0
2056,2329,0
2060,2433,0
2064,2488,0
2068,2500,0
2072,2580,0
2076,2634,0
2080,2581,0
2084,2650,0
2088,2600,0
2092,2606,0
2096,2522,0
2100,2434,0
2104,2376,0
2108,2360,0
2112,2301,0
2116,2204,0
2120,2196,0
2124,2082,0
2128,2095,0
2132,2035,0
2136,2035,0
2140,2047,0
2144,2016,0
2148,2032,0
2152,2077,0
2156,2034,0
2160,2081,0
2164,2028,0
2168,2082,0
2172,2115,0
2176,2002,0
2180,2057,0
2184,2102,0
2188,2084,0
2192,2106,0
2196,2081,0
2200,2107,0
2204,2105,0
2208,2151,0
2212,2129,0
2216,2138,0
2220,2121,0
2224,2125,0
2228,2133,0
2232,2163,0
2236,2145,0
2240,2172,0
2244,2231,0
2248,2200,0
2252,2169,0
2256,2219,0
2260,2174,0
2264,2129,0
2268,2162,0
2272,2139,0
2276,2186,0
2280,2198,0
2284,2248,0
2288,2207,0
2292,2189,0
2296,2219,0
2300,2125,0
2304,2196,0
2308,2208,0
2312,2137,0
2316,2211,0
2320,2182,0
2324,2154,0
2328,2180,0
2332,2224,0
2336,2155,0
2340,2151,0
2344,2124,0
2348,2106,0
2352,2150,0
2356,2094,0
2360,2116,0
2364,2094,0
2368,2117,0
2372,2108,0
2376,2124,0
2380,2073,0
2384,2076,0
2388,2051,0
2392,2063,0
2396,2085,0
2400,2093,0
2404,2040,0
2408,2091,0
2412,2103,0
2416,2073,0
2420,2115,0
2424,2034,0
2428,2018,0
2432,2001,0
2436,2098,0
2440,2072,0
2444,2050,0
2448,2059,0
2452,2017,0
2456,2123,0
2460,2053,0
2464,2052,0
2468,2071,0
2472,2063,0
2476,2055,0
2480,2024,0
2484,2062,0
2488,2104,0
2492,2088,0
2496,2096,0
2500,2033,0
2504,2018,0
2508,2044,0
2512,2050,0
2516,2081,0
2520,1998,0
2524,2095,0
2528,2044,0
2532,2037,0
2536,2020,0
2540,2001,0
2544,2076,0
2548,2054,0
2552,2015,0
2556,2016,0
2560,2046,0
2564,2107,0
2568,2051,0
2572,2016,0
2576,2056,0
2580,2057,0
2584,1987,0
2588,2069,0
2592,2067,0
2596,2098,0
2600,2136,0
2604,2118,0
2608,2080,0
2612,2058,0
2616,2173,0
2620,2101,0
2624,2104,0
2628,2106,0
2632,2116,0
2636,2109,0
2640,2100,0
2644,2103,0
2648,2121,0
2652,2108,0
2656,2104,0
2660,2130,0
2664,2120,0
2668,2173,0
2672,2048,0
2676,2159,0
2680,2162,0
2684,2061,0
2688,2110,0
2692,2107,0
2696,2073,0
2700,2088,0
2704,2075,0
2708,2157,0
2712,2129,0
2716,2135,0
2720,2114,0
2724,2055,0
2728,2069,0
2732,2096,0
2736,2041,0
2740,2096,0
2744,2064,0
2748,2058,0
2752,2087,0
2756,2077,0
2760,2051,0
2764,2094,0
2768,2025,0
2772,2075,0
2776,2073,0
2780,2044,0
2784,2062,0
2788,2014,0
2792,2079,0
2796,2045,0
2800,2034,0
2804,2080,0
2808,2027,0
2812,2005,0
2816,1999,0
2820,2063,0
2824,2004,0
2828,2092,0
2832,1974,0
2836,2083,0
2840,2035,0
2844,2022,0
2848,2006,0
2852,2035,0
2856,2026,0
2860,2070,0
2864,2057,0
2868,2082,0
2872,2100,0
2876,2152,0
2880,2213,0
2884,2210,0
2888,2284,0
2892,2411,0
2896,2458,0
2900,2506,0
2904,2563,0
2908,2612,0
2912,2610,0
2916,2612,0
2920,2632,0
2924,2572,0
2928,2573,0
2932,2457,0
2936,2478,0
2940,2395,0
2944,2322,0
2948,2281,0
2952,2244,0
2956,2176,0
2960,2052,0
2964,2040,0
2968,2040,0
2972,2049,0
2976,2058,0
2980,2021,0
2984,2051,0
2988,2027,0
2992,2036,0
2996,2017,0
3000,2037,0
3004,2029,0
3008,2045,0
3012,2111,0
3016,2055,0
3020,2167,0
3024,2108,0
3028,2103,0
3032,2077,0
3036,2129,0
3040,2097,0
3044,2123,0
3048,2202,0
3052,2129,0
3056,2172,0
3060,2122,0
3064,2148,0
3068,2209,0
3072,2142,0
3076,2221,0
3080,2193,0
3084,2160,0
3088,2200,0
3092,2215,0
3096,2208,0
3100,2145,0
3104,2172,0
3108,2189,0
3112,2195,0
3116,2216,0
3120,2203,0
3124,2156,0
3128,2206,0
3132,2211,0
3136,2207,0
3140,2219,0
3144,2208,0
3148,2192,0
3152,2172,0
3156,2119,0
3160,2176,0
3164,2164,0
3168,2160,0
3172,2107,0
3176,2107,0
3180,2165,0
3184,2126,0
3188,2142,0
3192,2117,0
3196,2111,0
3200,2133,0
3204,2084,0
3208,2097,0
3212,2076,0
3216,2073,0
3220,2072,0
3224,2084,0
3228,2060,0
3232,2109,0
3236,2041,0
3240,2060,0
3244,2050,0
3248,2105,0
3252,2065,0
3256,2089,0
3260,2012,0
3264,2063,0
3268,2080,0
3272,2055,0
3276,2084,0
3280,2036,0
3284,2093,0
3288,2119,0
3292,2039,0
3296,2036,0
3300,2093,0
3304,2096,0
3308,2033,0
3312,2036,0
3316,2040,0
3320,2008,0
3324,2020,0
3328,2018,0
3332,2025,0
3336,2047,0
3340,2055,0
3344,2095,0
3348,2018,0
3352,2078,0
3356,2042,0
3360,2048,0
3364,2070,0
3368,2016,0
3372,2062,0
3376,2056,0
3380,2067,0
3384,2062,0
3388,2128,0
3392,2036,0
3396,2041,0
3400,2040,0
3404,2044,0
3408,2043,0
3412,2100,0
3416,2110,0
3420,2053,0
3424,2048,0
3428,2090,0
3432,2063,0
3436,2102,0
3440,2093,0
3444,2045,0
3448,2141,0
3452,2152,0
3456,2083,0
3460,2094,0
3464,2118,0
3468,2123,0
3472,2136,0
3476,2179,0
3480,2116,0
3484,2100,0
3488,2084,0
3492,2105,0
3496,2126,0
3500,2181,0
3504,2112,0
3508,2133,0
3512,2125,0
3516,2159,0
3520,2197,0
3524,2103,0
3528,2101,0
3532,2144,0
3536,2130,0
3540,2161,0
3544,2119,0
3548,2087,0
3552,2112,0
3556,2123,0
3560,2111,0
3564,2098,0
3568,2111,0
3572,2111,0
3576,2114,0
3580,2089,0
3584,2062,0
3588,2069,0
3592,2098,0
3596,2036,0
3600,2069,0
3604,2045,0
3608,2056,0
3612,2092,0
3616,2059,0
3620,2053,0
3624,2010,0
3628,2073,0
3632,2069,0
3636,2114,0
3640,2039,0
3644,2054,0
3648,2054,0
3652,2093,0
3656,2040,0
3660,2049,0
3664,2056,0
3668,2039,0
3672,2016,0
3676,2032,0
3680,2055,0
3684,1992,0
3688,2029,0
3692,2012,0
3696,2083,0
3700,2023,0
3704,2082,0
3708,2150,0
3712,2233,0
3716,2240,0
3720,2286,0
3724,2424,0
3728,2388,0
3732,2427,0
3736,2560,0
3740,2575,0
3744,2589,0
3748,2655,0
3752,2638,0
3756,2594,0
3760,2537,0
3764,2553,0
3768,2488,0
3772,2400,0
3776,2392,0
3780,2240,0
3784,2166,0
3788,2140,0
3792,2118,0
3796,2094,0
3800,2057,0
3804,2061,0
3808,2006,0
3812,2085,0
3816,2041,0
3820,2081,0
3824,2063,0
3828,2072,0
3832,2080,0
3836,2082,0
3840,2092,0
3844,2117,0
3848,2088,0
3852,2108,0
3856,2089,0
3860,2139,0
3864,2081,0
3868,2160,0
3872,2111,0
3876,2075,0
3880,2127,0
3884,2109,0
3888,2161,0
3892,2122,0
3896,2134,0
3900,2097,0
3904,2146,0
3908,2092,0
3912,2123,0
3916,2198,0
3920,2203,0
3924,2197,0
3928,2159,0
3932,2189,0
3936,2193,0
3940,2161,0
3944,2242,0
3948,2224,0
3952,2191,0
3956,2198,0
3960,2202,0
3964,2132,0
3968,2183,0
3972,2167,0
3976,2154,0
3980,2171,0
3984,2229,0
3988,2189,0
3992,2148,0
3996,2176,0
4000,2195,0
4004,2175,0
4008,2143,0
4012,2116,0
4016,2150,0
4020,2135,0
4024,2144,0
4028,2131,0
4032,2138,0
4036,2085,0
4040,2136,0
4044,2097,0
4048,2149,0
4052,2062,0
4056,2131,0
4060,2081,0
4064,2053,0
4068,2055,0
4072,2057,0
4076,2077,0
4080,2078,0
4084,2043,0
4088,2057,0
4092,2121,0
4096,2107,0
4100,2067,0
4104,2054,0
4108,2056,0
4112,2070,0
4116,2020,0
4120,2042,0
4124,2000,0
4128,2061,0
4132,2068,0
4136,2034,0
4140,2096,0
4144,2012,0
4148,2004,0
4152,2055,0
4156,2079,0
4160,2098,0
4164,2034,0
4168,2080,0
4172,2047,0
4176,2043,0
4180,2075,0
4184,2068,0
4188,2001,0
4192,2093,0
4196,2091,0
4200,2031,0
4204,2062,0
4208,2066,0
4212,2060,0
4216,2036,0
4220,2033,0
4224,2054,0
4228,2091,0
4232,2074,0
4236,2048,0
4240,2085,0
4244,1978,0
4248,2101,0
4252,2017,0
4256,2061,0
4260,2041,0
4264,2039,0
4268,2116,0
4272,2071,0
4276,2099,0
4280,2091,0
4284,2111,0
4288,2103,0
4292,2066,0
4296,2138,0
4300,2097,0
4304,2068,0
4308,2105,0
4312,2166,0
4316,2148,0
4320,2114,0
4324,2116,0
4328,2117,0
4332,2190,0
4336,2139,0
4340,2140,0
4344,2157,0
4348,2131,0
4352,2114,0
4356,2114,0
4360,2115,0
4364,2113,0
4368,2132,0
4372,2108,0
4376,2125,0
4380,2097,0
4384,2098,0
4388,2032,0
4392,2115,0
4396,2094,0
4400,2110,0
4404,1990,0
4408,2136,0
4412,2067,0
4416,2101,0
4420,2034,0
4424,2081,0
4428,2029,0
4432,2040,0
4436,2115,0
4440,2050,0
4444,2061,0
4448,2079,0
4452,2067,0
4456,2056,0
4460,2062,0
4464,2122,0
4468,2048,0
4472,2055,0
4476,2079,0
4480,2080,0
4484,2081,0
4488,2063,0
4492,2007,0
4496,2088,0
4500,2001,0
4504,2040,0
4508,2005,0
4512,2022,0
4516,2032,0
4520,2033,0
4524,2042,0
4528,2090,0
4532,2074,0
4536,2081,0
4540,2153,0
4544,2205,0
4548,2186,0
4552,2300,0
4556,2367,0
4560,2402,0
4564,2514,0
4568,2525,0
4572,2581,0
4576,2606,0
4580,2632,0
4584,2601,0
4588,2576,0
4592,2637,0
4596,2519,0
4600,2459,0
4604,2361,0
4608,2340,0
4612,2253,0
4616,2281,0
4620,2207,0
4624,2111,0
4628,2164,0
4632,2101,0
4636,2045,0
4640,1971,0
4644,2111,0
4648,2001,0
4652,1997,0
4656,2082,0
4660,2129,0
4664,2103,0
4668,2083,0
4672,2089,0
4676,2102,0
4680,2103,0
4684,2093,0
4688,2093,0
4692,2093,0
4696,2077,0
4700,2096,0
4704,2059,0
4708,2113,0
4712,2092,0
4716,2094,0
4720,2139,0
4724,2181,0
4728,2173,0
4732,2104,0
4736,2128,0
4740,2191,0
4744,2139,0
4748,2167,0
4752,2195,0
4756,2154,0
4760,2190,0
4764,2150,0
4768,2175,0
4772,2204,0
4776,2149,0
4780,2210,0
4784,2197,0
4788,2214,0
4792,2203,0
4796,2235,0
4800,2196,0
4804,2176,0
4808,2189,0
4812,2198,0
4816,2178,0
4820,2173,0
4824,2146,0
4828,2141,0
4832,2113,0
4836,2202,0
4840,2106,0
4844,2117,0
4848,2110,0
4852,2152,0
4856,2111,0
4860,2151,0
4864,2088,0
4868,2111,0
4872,2073,0
4876,2157,0
4880,2053,0
4884,2094,0
4888,2099,0
4892,2089,0
4896,2068,0
4900,2066,0
4904,2069,0
4908,2060,0
4912,2091,0
4916,2127,0
4920,2042,0
4924,2016,0
4928,2053,0
4932,2132,0
4936,2029,0
4940,2102,0
4944,2102,0
4948,2034,0
4952,2067,0
4956,2099,0
4960,2038,0
4964,2043,0
4968,2031,0
4972,2018,0
4976,2029,0
4980,2011,0
4984,2049,0
4988,2025,0
4992,2055,0
4996,2001,0
5000,2058,0
5004,2073,0
5008,1988,0
5012,2059,0
5016,2085,0
5020,2012,0
5024,2099,0
5028,2062,0
5032,2028,0
5036,2048,0
5040,2067,0
5044,2054,0
5048,2068,0
5052,2026,0
5056,2059,0
5060,2013,0
5064,2054,0
5068,2032,0
5072,2039,0
5076,2100,0
5080,2098,0
5084,2086,0
5088,2038,0
5092,2064,0
5096,2113,0
5100,2085,0
5104,2154,0
5108,2099,0
5112,2097,0
5116,2086,0
5120,2103,0
5124,2099,0
5128,2128,0
5132,2139,0
5136,2090,0
5140,2077,0
5144,2065,0
5148,2137,0
5152,2091,0
5156,2061,0
5160,2138,0
5164,2202,0
5168,2127,0
5172,2152,0
5176,2129,0
5180,2122,0
5184,2150,0
5188,2112,0
5192,2126,0
5196,2125,0
5200,2092,0
5204,2138,0
5208,2099,0
5212,2078,0
5216,2113,0
5220,2066,0
5224,2090,0
5228,2085,0
5232,2114,0
5236,2092,0
5240,2074,0
5244,2096,0
5248,2111,0
5252,2083,0
5256,2064,0
5260,2022,0
5264,2028,0
5268,2049,0
5272,2038,0
5276,2049,0
5280,2055,0
5284,2068,0
5288,2050,0
5292,2065,0
5296,2052,0
5300,1990,0
5304,2021,0
5308,2044,0
5312,2011,0
5316,2064,0
5320,2091,0
5324,2079,0
5328,2033,0
5332,2081,0
5336,2037,0
5340,2018,0
5344,2006,0
5348,2014,0
5352,2011,0
5356,2032,0
5360,2042,0
5364,2053,0
5368,2091,0
5372,2147,0
5376,2182,0
5380,2160,0
5384,2185,0
5388,2352,0
5392,2348,0
5396,2446,0
5400,2477,0
5404,2508,0
5408,2618,0
5412,2649,0
5416,2618,0
5420,2549,0
5424,2585,0
5428,2573,0
5432,2464,0
5436,2452,0
5440,2381,0
5444,2332,0
5448,2255,0
5452,2165,0
5456,2182,0
5460,2102,0
5464,2078,0
5468,2031,0
5472,2035,0
5476,2016,0
5480,2037,0
5484,2096,0
5488,2008,0
5492,2006,0
5496,2104,0
5500,2059,0
5504,2050,0
5508,2106,0
5512,2061,0
5516,2138,0
5520,2108,0
5524,2078,0
5528,2162,0
5532,2085,0
5536,2130,0
5540,2123,0
5544,2159,0
5548,2172,0
5552,2132,0
5556,2115,0
5560,2157,0
5564,2129,0
5568,2216,0
5572,2165,0
5576,2156,0
5580,2177,0
5584,2136,0
5588,2152,0
5592,2221,0
5596,2169,0
5600,2160,0
5604,2210,0
5608,2232,0
5612,2219,0
5616,2227,0
5620,2175,0
5624,2154,0
5628,2240,0
5632,2183,0
5636,2182,0
5640,2226,0
5644,2199,0
5648,2192,0
5652,2239,0
5656,2149,0
5660,2191,0
5664,2159,0
5668,2160,0
5672,2191,0
5676,2155,0
5680,2150,0
5684,2160,0
5688,2111,0
5692,2091,0
5696,2079,0
5700,2046,0
5704,2161,0
5708,2061,0
5712,2083,0
5716,2077,0
5720,2091,0
5724,2102,0
5728,2100,0
5732,2054,0
5736,2063,0
5740,2074,0
5744,2056,0
5748,2109,0
5752,2074,0
5756,2080,0
5760,2076,0
5764,2090,0
5768,2059,0
5772,2014,0
5776,2064,0
5780,2032,0
5784,2035,0
5788,2068,0
5792,2087,0
5796,2050,0
5800,2058,0
5804,2100,0
5808,2056,0
5812,2126,0
5816,2065,0
5820,1995,0
5824,2070,0
5828,2059,0
5832,2086,0
5836,2068,0
5840,2044,0
5844,2011,0
5848,2042,0
5852,2023,0
5856,2031,0
5860,2067,0
5864,2100,0
5868,2062,0
5872,2015,0
5876,2065,0
5880,2088,0
5884,2035,0
5888,2050,0
5892,2056,0
5896,2033,0
5900,2078,0
5904,2057,0
5908,2075,0
5912,2038,0
5916,2054,0
5920,2091,0
5924,2062,0
5928,2128,0
5932,2067,0
5936,2090,0
5940,2114,0
5944,2048,0
5948,2041,0
5952,2052,0
5956,2140,0
5960,2089,0
5964,2186,0
5968,2096,0
5972,2121,0
5976,2165,0
5980,2182,0
5984,2185,0
5988,2161,0
5992,2157,0
5996,2145,0
6000,2183,1
6004,2241,1
6008,2211,1
6012,2143,1
6016,2252,1
6020,2251,1
6024,2351,1
6028,2301,1
6032,2204,1
6036,2380,1
6040,2345,1
6044,2310,1
6048,2265,1
6052,2225,1
6056,2265,1
6060,2357,1
6064,2409,1
6068,2394,1
6072,2277,1
6076,2244,1
6080,2325,1
6084,2216,1
6088,2346,1
6092,2323,1
6096,2309,1
6100,2245,1
6104,2376,1
6108,2316,1
6112,2281,1
6116,2182,1
6120,2354,1
6124,2463,1
6128,2457,1
6132,2330,1
6136,2321,1
6140,2384,1
6144,2294,1
6148,2369,1
6152,2394,1
6156,2419,1
6160,2335,1
6164,2325,1
6168,2280,1
6172,2278,1
6176,2310,1
6180,2341,1
6184,2369,1
6188,2261,1
6192,2394,1
6196,2284,1
6200,2295,1
6204,2248,1
6208,2144,1
6212,2339,1
6216,2327,1
6220,2263,1
6224,2282,1
6228,2307,1
6232,2180,1
6236,2241,1
6240,2319,1
6244,2195,1
6248,2286,1
6252,2187,1
6256,2295,1
6260,2265,1
6264,2169,1
6268,2335,1
6272,2221,1
6276,2215,1
6280,2274,1
6284,2329,1
6288,2196,1
6292,2257,1
6296,2275,1
6300,2286,1
6304,2250,1
6308,2214,1
6312,2185,1
6316,2243,1
6320,2183,1
6324,2090,1
6328,2319,1
6332,2385,1
6336,2239,1
6340,2381,1
6344,2549,1
6348,2713,1
6352,2673,1
6356,2711,1
6360,2822,1
6364,2986,1
6368,2921,1
6372,2952,1
6376,2990,1
6380,2960,1
6384,3002,1
6388,3048,1
6392,2909,1
6396,2800,1
6400,2716,1
6404,2554,1
6408,2618,1
6412,2484,1
6416,2412,1
6420,2560,1
6424,2345,1
6428,2253,1
6432,2254,1
6436,2339,1
6440,2275,1
6444,2184,1
6448,2330,1
6452,2242,1
6456,2401,1
6460,2360,1
6464,2275,1
6468,2385,1
6472,2319,1
6476,2372,1
6480,2356,1
6484,2282,1
6488,2301,1
6492,2408,1
6496,2333,1
6500,2336,1
6504,2310,1
6508,2401,1
6512,2507,1
6516,2327,1
6520,2401,1
6524,2492,1
6528,2410,1
6532,2450,1
6536,2366,1
6540,2463,1
6544,2433,1
6548,2509,1
6552,2527,1
6556,2616,1
6560,2500,1
6564,2488,1
6568,2483,1
6572,2452,1
6576,2495,1
6580,2457,1
6584,2484,1
6588,2552,1
6592,2410,1
6596,2536,1
6600,2543,1
6604,2452,1
6608,2327,1
6612,2412,1
6616,2520,1
6620,2435,1
6624,2369,1
6628,2392,1
6632,2465,1
6636,2440,1
6640,2385,1
6644,2370,1
6648,2361,1
6652,2322,1
6656,2467,1
6660,2344,1
6664,2430,1
6668,2442,1
6672,2405,1
6676,2314,1
6680,2359,1
6684,2328,1
6688,2271,1
6692,2341,1
6696,2247,1
6700,2386,1
6704,2284,1
6708,2321,1
6712,2324,1
6716,2289,1
6720,2338,1
6724,2273,1
6728,2352,1
6732,2218,1
6736,2306,1
6740,2414,1
6744,2237,1
6748,2256,1
6752,2327,1
6756,2306,1
6760,2315,1
6764,2323,1
6768,2332,1
6772,2361,1
6776,2320,1
6780,2281,1
6784,2336,1
6788,2411,1
6792,2289,1
6796,2239,1
6800,2365,1
6804,2292,1
6808,2170,1
6812,2352,1
6816,2271,1
6820,2299,1
6824,2325,1
6828,2319,1
6832,2352,1
6836,2285,1
6840,2344,1
6844,2300,1
6848,2362,1
6852,2357,1
6856,2267,1
6860,2391,1
6864,2297,1
6868,2381,1
6872,2357,1
6876,2449,1
6880,2328,1
6884,2324,1
6888,2346,1
6892,2332,1
6896,2401,1
6900,2258,1
6904,2294,1
6908,2295,1
6912,2418,1
6916,2464,1
6920,2356,1
6924,2353,1
6928,2367,1
6932,2432,1
6936,2306,1
6940,2374,1
6944,2417,1
6948,2387,1
6952,2366,1
6956,2413,1
6960,2188,1
6964,2388,1
6968,2306,1
6972,2232,1
6976,2370,1
6980,2419,1
6984,2326,1
6988,2389,1
6992,2426,1
6996,2406,1
7000,2423,1
7004,2367,1
7008,2325,1
7012,2223,1
7016,2303,1
7020,2266,1
7024,2446,1
7028,2304,1
7032,2321,1
7036,2346,1
7040,2315,1
7044,2413,1
7048,2274,1
7052,2323,1
7056,2266,1
7060,2231,1
7064,2273,1
7068,2307,1
7072,2283,1
7076,2266,1
7080,2222,1
7084,2300,1
7088,2212,1
7092,2345,1
7096,2302,1
7100,2207,1
7104,2274,1
7108,2248,1
7112,2315,1
7116,2384,1
7120,2203,1
7124,2341,1
7128,2349,1
7132,2430,1
7136,2441,1
7140,2426,1
7144,2499,1
7148,2519,1
7152,2680,1
7156,2662,1
7160,2814,1
7164,2726,1
7168,2707,1
7172,2667,1
7176,2644,1
7180,2639,1
7184,2721,1
7188,2697,1
7192,2526,1
7196,2625,1
7200,2492,1
7204,2482,1
7208,2527,1
7212,2447,1
7216,2348,1
7220,2288,1
7224,2198,1
7228,2275,1
7232,2301,1
7236,2254,1
7240,2308,1
7244,2324,1
7248,2310,1
7252,2288,1
7256,2341,1
7260,2362,1
7264,2273,1
7268,2427,1
7272,2340,1
7276,2351,1
7280,2396,1
7284,2371,1
7288,2419,1
7292,2383,1
7296,2333,1
7300,2396,1
7304,2310,1
7308,2390,1
7312,2386,1
7316,2381,1
7320,2390,1
7324,2290,1
7328,2374,1
7332,2417,1
7336,2425,1
7340,2358,1
7344,2499,1
7348,2374,1
7352,2487,1
7356,2457,1
7360,2395,1
7364,2541,1
7368,2364,1
7372,2492,1
7376,2497,1
7380,2396,1
7384,2519,1
7388,2419,1
7392,2449,1
7396,2445,1
7400,2419,1
7404,2472,1
7408,2468,1
7412,2312,1
7416,2491,1
7420,2309,1
7424,2466,1
7428,2468,1
7432,2330,1
7436,2366,1
7440,2320,1
7444,2370,1
7448,2360,1
7452,2421,1
7456,2449,1
7460,2450,1
7464,2329,1
7468,2347,1
7472,2255,1
7476,2305,1
7480,2409,1
7484,2445,1
7488,2272,1
7492,2308,1
7496,2340,1
7500,2357,1
7504,2290,1
7508,2363,1
7512,2308,1
7516,2335,1
7520,2368,1
7524,2334,1
7528,2307,1
7532,2326,1
7536,2327,1
7540,2310,1
7544,2316,1
7548,2428,1
7552,2365,1
7556,2314,1
7560,2373,1
7564,2311,1
7568,2402,1
7572,2354,1
7576,2325,1
7580,2358,1
7584,2237,1
7588,2264,1
7592,2275,1
7596,2357,1
7600,2455,1
7604,2488,1
7608,2395,1
7612,2390,1
7616,2255,1
7620,2334,1
7624,2323,1
7628,2337,1
7632,2368,1
7636,2353,1
7640,2267,1
7644,2434,1
7648,2328,1
7652,2410,1
7656,2523,1
7660,2346,1
7664,2252,1
7668,2389,1
7672,2473,1
7676,2526,1
7680,2335,1
7684,2439,1
7688,2381,1
7692,2402,1
7696,2566,1
7700,2315,1
7704,2419,1
7708,2429,1
7712,2463,1
7716,2401,1
7720,2411,1
7724,2365,1
7728,2401,1
7732,2361,1
7736,2416,1
7740,2353,1
7744,2394,1
7748,2366,1
7752,2433,1
7756,2359,1
7760,2253,1
7764,2432,1
7768,2300,1
7772,2313,1
7776,2315,1
7780,2431,1
7784,2219,1
7788,2534,1
7792,2408,1
7796,2357,1
7800,2339,1
7804,2359,1
7808,2373,1
7812,2380,1
7816,2374,1
7820,2345,1
7824,2327,1
7828,2329,1
7832,2326,1
7836,2404,1
7840,2370,1
7844,2155,1
7848,2368,1
7852,2337,1
7856,2320,1
7860,2295,1
7864,2384,1
7868,2374,1
7872,2275,1
7876,2355,1
7880,2288,1
7884,2287,1
7888,2364,1
7892,2493,1
7896,2547,1
7900,2574,1
7904,2646,1
7908,2694,1
7912,2684,1
7916,2803,1
7920,2872,1
7924,2905,1
7928,2954,1
7932,2932,1
7936,2902,1
7940,2921,1
7944,2817,1
7948,2716,1
7952,2702,1
7956,2605,1
7960,2547,1
7964,2520,1
7968,2429,1
7972,2413,1
7976,2283,1
7980,2383,1
7984,2353,1
7988,2293,1
7992,2378,1
7996,2394,1
8000,2244,1
8004,2299,1
8008,2303,1
8012,2298,1
8016,2409,1
8020,2352,1
8024,2353,1
8028,2252,1
8032,2415,1
8036,2307,1
8040,2389,1
8044,2407,1
8048,2477,1
8052,2322,1
8056,2225,1
8060,2422,1
8064,2525,1
8068,2497,1
8072,2441,1
8076,2404,1
8080,2488,1
8084,2387,1
8088,2479,1
8092,2486,1
8096,2524,1
8100,2631,1
8104,2493,1
8108,2443,1
8112,2475,1
8116,2373,1
8120,2440,1
8124,2459,1
8128,2453,1
8132,2494,1
8136,2435,1
8140,2551,1
8144,2483,1
8148,2480,1
8152,2458,1
8156,2484,1
8160,2521,1
8164,2415,1
8168,2423,1
8172,2440,1
8176,2372,1
8180,2399,1
8184,2414,1
8188,2489,1
8192,2447,1
8196,2437,1
8200,2471,1
8204,2406,1
8208,2433,1
8212,2398,1
8216,2415,1
8220,2359,1
8224,2243,1
8228,2377,1
8232,2467,1
8236,2433,1
8240,2432,1
8244,2445,1
8248,2374,1
8252,2377,1
8256,2326,1
8260,2342,1
8264,2396,1
8268,2430,1
8272,2347,1
8276,2320,1
8280,2347,1
8284,2383,1
8288,2260,1
8292,2209,1
8296,2314,1
8300,2274,1
8304,2316,1
8308,2338,1
8312,2320,1
8316,2434,1
8320,2367,1
8324,2365,1
8328,2385,1
8332,2279,1
8336,2410,1
8340,2344,1
8344,2389,1
8348,2284,1
8352,2256,1
8356,2399,1
8360,2373,1
8364,2297,1
8368,2300,1
8372,2421,1
8376,2283,1
8380,2454,1
8384,2303,1
8388,2398,1
8392,2342,1
8396,2400,1
8400,2334,1
8404,2360,1
8408,2375,1
8412,2316,1
8416,2424,1
8420,2353,1
8424,2374,1
8428,2332,1
8432,2243,1
8436,2390,1
8440,2551,1
8444,2458,1
8448,2414,1
8452,2404,1
8456,2425,1
8460,2460,1
8464,2360,1
8468,2501,1
8472,2480,1
8476,2483,1
8480,2468,1
8484,2444,1
8488,2483,1
8492,2479,1
8496,2421,1
8500,2407,1
8504,2445,1
8508,2530,1
8512,2360,1
8516,2343,1
8520,2437,1
8524,2426,1
8528,2429,1
8532,2429,1
8536,2396,1
8540,2495,1
8544,2304,1
8548,2346,1
8552,2385,1
8556,2289,1
8560,2372,1
8564,2479,1
8568,2377,1
8572,2386,1
8576,2293,1
8580,2329,1
8584,2341,1
8588,2342,1
8592,2436,1
8596,2391,1
8600,2289,1
8604,2369,1
8608,2383,1
8612,2420,1
8616,2446,1
8620,2289,1
8624,2301,1
8628,2273,1
8632,2334,1
8636,2375,1
8640,2404,1
8644,2339,1
8648,2321,1
8652,2346,1
8656,2283,1
8660,2453,1
8664,2227,1
8668,2330,1
8672,2438,1
8676,2319,1
8680,2313,1
8684,2317,1
8688,2349,1
8692,2474,1
8696,2302,1
8700,2579,1
8704,2465,1
8708,2605,1
8712,2671,1
8716,2809,1
8720,2753,1
8724,2945,1
8728,3096,1
8732,2936,1
8736,3054,1
8740,3008,1
8744,3058,1
8748,2999,1
8752,2907,1
8756,2909,1
8760,2913,1
8764,2714,1
8768,2689,1
8772,2494,1
8776,2449,1
8780,2479,1
8784,2497,1
8788,2398,1
8792,2337,1
8796,2344,1
8800,2265,1
8804,2376,1
8808,2397,1
8812,2322,1
8816,2327,1
8820,2378,1
8824,2341,1
8828,2369,1
8832,2505,1
8836,2369,1
8840,2368,1
8844,2356,1
8848,2445,1
8852,2396,1
8856,2374,1
8860,2498,1
8864,2511,1
8868,2397,1
8872,2328,1
8876,2507,1
8880,2413,1
8884,2509,1
8888,2350,1
8892,2529,1
8896,2409,1
8900,2532,1
8904,2495,1
8908,2443,1
8912,2481,1
8916,2551,1
8920,2520,1
8924,2552,1
8928,2638,1
8932,2428,1
8936,2620,1
8940,2529,1
8944,2469,1
8948,2441,1
8952,2508,1
8956,2572,1
8960,2505,1
8964,2599,1
8968,2417,1
8972,2498,1
8976,2417,1
8980,2508,1
8984,2533,1
8988,2447,1
8992,2309,1
8996,2470,1
9000,2477,1
9004,2468,1
9008,2510,1
9012,2365,1
9016,2463,1
9020,2487,1
9024,2302,1
9028,2422,1
9032,2367,1
9036,2386,1
9040,2407,1
9044,2352,1
9048,2336,1
9052,2375,1
9056,2304,1
9060,2300,1
9064,2403,1
9068,2290,1
9072,2397,1
9076,2382,1
9080,2249,1
9084,2310,1
9088,2421,1
9092,2289,1
9096,2319,1
9100,2373,1
9104,2392,1
9108,2329,1
9112,2307,1
9116,2428,1
9120,2446,1
9124,2400,1
9128,2346,1
9132,2292,1
9136,2291,1
9140,2372,1
9144,2365,1
9148,2424,1
9152,2379,1
9156,2249,1
9160,2402,1
9164,2279,1
9168,2316,1
9172,2354,1
9176,2458,1
9180,2525,1
9184,2375,1
9188,2327,1
9192,2370,1
9196,2391,1
9200,2319,1
9204,2446,1
9208,2352,1
9212,2368,1
9216,2378,1
9220,2363,1
9224,2388,1
9228,2300,1
9232,2304,1
9236,2271,1
9240,2363,1
9244,2384,1
9248,2364,1
9252,2437,1
9256,2337,1
9260,2377,1
9264,2271,1
9268,2314,1
9272,2379,1
9276,2388,1
9280,2320,1
9284,2334,1
9288,2247,1
9292,2317,1
9296,2393,1
9300,2375,1
9304,2371,1
9308,2345,1
9312,2344,1
9316,2305,1
9320,2389,1
9324,2374,1
9328,2380,1
9332,2322,1
9336,2227,1
9340,2424,1
9344,2333,1
9348,2313,1
9352,2410,1
9356,2349,1
9360,2440,1
9364,2417,1
9368,2425,1
9372,2306,1
9376,2465,1
9380,2411,1
9384,2377,1
9388,2411,1
9392,2299,1
9396,2433,1
9400,2349,1
9404,2332,1
9408,2323,1
9412,2483,1
9416,2378,1
9420,2508,1
9424,2383,1
9428,2312,1
9432,2346,1
9436,2485,1
9440,2399,1
9444,2372,1
9448,2411,1
9452,2428,1
9456,2461,1
9460,2477,1
9464,2364,1
9468,2302,1
9472,2353,1
9476,2389,1
9480,2311,1
9484,2308,1
9488,2382,1
9492,2355,1
9496,2356,1
9500,2305,1
9504,2334,1
9508,2290,1
9512,2396,1
9516,2403,1
9520,2228,1
9524,2281,1
9528,2245,1
9532,2295,1
9536,2327,1
9540,2244,1
9544,2275,1
9548,2269,1
9552,2341,1
9556,2332,1
9560,2284,1
9564,2336,1
9568,2292,1
9572,2306,1
9576,2421,1
9580,2398,1
9584,2235,1
9588,2359,1
9592,2353,1
9596,2232,1
9600,2347,1
9604,2391,1
9608,2235,1
9612,2258,1
9616,2391,1
9620,2373,1
9624,2425,1
9628,2457,1
9632,2514,1
9636,2472,1
9640,2681,1
9644,2757,1
9648,2740,1
9652,2814,1
9656,2778,1
9660,2942,1
9664,2971,1
9668,2942,1
9672,3004,1
9676,2889,1
9680,2900,1
9684,2748,1
9688,2743,1
9692,2663,1
9696,2617,1
9700,2514,1
9704,2467,1
9708,2473,1
9712,2357,1
9716,2256,1
9720,2437,1
9724,2403,1
9728,2237,1
9732,2355,1
9736,2286,1
9740,2336,1
9744,2344,1
9748,2317,1
9752,2290,1
9756,2300,1
9760,2291,1
9764,2301,1
9768,2352,1
9772,2317,1
9776,2406,1
9780,2460,1
9784,2341,1
9788,2395,1
9792,2417,1
9796,2421,1
9800,2403,1
9804,2450,1
9808,2440,1
9812,2343,1
9816,2476,1
9820,2483,1
9824,2390,1
9828,2444,1
9832,2488,1
9836,2439,1
9840,2521,1
9844,2602,1
9848,2417,1
9852,2384,1
9856,2487,1
9860,2514,1
9864,2458,1
9868,2559,1
9872,2391,1
9876,2512,1
9880,2432,1
9884,2569,1
9888,2583,1
9892,2413,1
9896,2422,1
9900,2502,1
9904,2422,1
9908,2437,1
9912,2435,1
9916,2312,1
9920,2420,1
9924,2373,1
9928,2378,1
9932,2487,1
9936,2319,1
9940,2437,1
9944,2365,1
9948,2358,1
9952,2417,1
9956,2384,1
9960,2392,1
9964,2411,1
9968,2328,1
9972,2307,1
9976,2274,1
9980,2286,1
9984,2509,1
9988,2404,1
9992,2245,1
9996,2244,1
