time_ms,adc_value,filtered_value,inference_us,prediction,alert,alert_latency_ms
0,2063,2063.0,0.0,0,0,0.0
4,2044,2053.5,0.0,0,0,0.0
8,2067,2058.0,0.0,0,0,0.0
12,2094,2067.0,0.0,0,0,0.0
16,2041,2061.8,0.0,0,0,0.0
20,2042,2058.5,0.0,0,0,0.0
24,2096,2063.86,0.0,0,0,0.0
28,2072,2064.88,0.0,0,0,0.0
32,2036,2061.5,0.0,0,0,0.0
36,2066,2064.25,0.0,0,0,0.0
40,2037,2060.5,0.0,0,0,0.0
44,2037,2053.38,0.0,0,0,0.0
48,2060,2055.75,0.0,0,0,0.0
52,1996,2050.0,0.0,0,0,0.0
56,2003,2038.38,0.0,0,0,0.0
60,2039,2034.25,0.0,0,0,0.0
64,2027,2033.12,0.0,0,0,0.0
68,2068,2033.38,0.0,0,0,0.0
72,2034,2033.0,0.0,0,0,0.0
76,2021,2031.0,0.0,0,0,0.0
80,2109,2037.12,0.0,0,0,0.0
84,2061,2045.25,0.0,0,0,0.0
88,2073,2054.0,0.0,0,0,0.0
92,2031,2053.0,0.0,0,0,0.0
96,2061,2057.25,0.0,0,0,0.0
100,2084,2059.25,0.0,0,0,0.0
104,2049,2061.12,0.0,0,0,0.0
108,2099,2070.88,0.0,0,0,0.0
112,2073,2066.38,0.0,0,0,0.0
116,2087,2069.62,0.0,0,0,0.0
120,2081,2070.62,0.0,0,0,0.0
124,2159,2086.62,0.0,0,0,0.0
128,2106,2092.25,0.0,0,0,0.0
132,2079,2091.62,0.0,0,0,0.0
136,2138,2102.75,0.0,0,0,0.0
140,2080,2100.38,0.0,0,0,0.0
144,2126,2107.0,0.0,0,0,0.0
148,2063,2104.0,0.0,0,0,0.0
152,2084,2104.38,0.0,0,0,0.0
156,2132,2101.0,0.0,0,0,0.0
160,2149,2106.38,0.0,0,0,0.0
164,2133,2113.12,0.0,0,0,0.0
168,2124,2111.38,0.0,0,0,0.0
172,2118,2116.12,0.0,0,0,0.0
176,2082,2110.62,0.0,0,0,0.0
180,2103,2115.62,0.0,0,0,0.0
184,2109,2118.75,0.0,0,0,0.0
188,2152,2121.25,0.0,0,0,0.0
192,2128,2118.62,0.0,0,0,0.0
196,2062,2109.75,0.0,0,0,0.0
200,2121,2109.38,0.0,0,0,0.0
204,2096,2106.62,0.0,0,0,0.0
208,2084,2106.88,0.0,0,0,0.0
212,2119,2108.88,0.0,0,0,0.0
216,2128,2111.25,0.0,0,0,0.0
220,2121,2107.38,0.0,0,0,0.0
224,2064,2099.38,0.0,0,0,0.0
228,2076,2101.12,0.0,0,0,0.0
232,2092,2097.5,0.0,0,0,0.0
236,2107,2098.88,0.0,0,0,0.0
240,2060,2095.88,0.0,0,0,0.0
244,2066,2089.25,0.0,0,0,0.0
248,2036,2077.75,0.0,0,0,0.0
252,2030,2066.38,0.0,0,0,0.0
256,2088,2069.38,0.0,0,0,0.0
260,2102,2072.62,0.0,0,0,0.0
264,2057,2068.25,0.0,0,0,0.0
268,2088,2065.88,0.0,0,0,0.0
272,2067,2066.75,0.0,0,0,0.0
276,2035,2062.88,0.0,0,0,0.0
280,2064,2066.38,0.0,0,0,0.0
284,2099,2075.0,0.0,0,0,0.0
288,2051,2070.38,0.0,0,0,0.0
292,2098,2069.88,0.0,0,0,0.0
296,1972,2059.25,0.0,0,0,0.0
300,2074,2057.5,0.0,0,0,0.0
304,2052,2055.62,0.0,0,0,0.0
308,2039,2056.12,0.0,0,0,0.0
312,2050,2054.38,0.0,0,0,0.0
316,1987,2040.38,0.0,0,0,0.0
320,2038,2038.75,0.0,0,0,0.0
324,2053,2033.12,0.0,0,0,0.0
328,2084,2047.12,0.0,0,0,0.0
332,2021,2040.5,0.0,0,0,0.0
336,2008,2035.0,0.0,0,0,0.0
340,2013,2031.75,0.0,0,0,0.0
344,2052,2032.0,0.0,0,0,0.0
348,2032,2037.62,0.0,0,0,0.0
352,2007,2033.75,0.0,0,0,0.0
356,2043,2032.5,0.0,0,0,0.0
360,2040,2027.0,0.0,0,0,0.0
364,2082,2034.62,0.0,0,0,0.0
368,2057,2040.75,0.0,0,0,0.0
372,2101,2051.75,0.0,0,0,0.0
376,2142,2063.0,0.0,0,0,0.0
380,2160,2079.0,0.0,0,0,0.0
384,2271,2112.0,0.0,0,0,0.0
388,2332,2148.12,0.0,0,0,0.0
392,2389,2191.75,0.0,0,0,0.0
396,2446,2237.25,0.0,0,0,0.0
400,2469,2288.75,0.0,0,0,0.0
404,2550,2344.88,0.0,0,0,0.0
408,2591,2401.0,0.0,0,0,0.0
412,2602,2456.25,0.0,0,0,0.0
416,2630,2501.12,0.0,0,0,0.0
420,2638,2539.38,0.0,0,0,0.0
424,2658,2573.0,0.0,0,0,0.0
428,2566,2588.0,0.0,0,0,0.0
432,2516,2593.88,0.0,0,0,0.0
436,2445,2580.75,0.0,0,0,0.0
440,2323,2547.25,0.0,0,0,0.0
444,2314,2511.25,0.0,0,0,0.0
448,2253,2464.12,0.0,0,0,0.0
452,2268,2417.88,0.0,0,0,0.0
456,2140,2353.12,0.0,0,0,0.0
460,2116,2296.88,0.0,0,0,0.0
464,2077,2242.0,0.0,0,0,0.0
468,2024,2189.38,0.0,0,0,0.0
472,2082,2159.25,0.0,0,0,0.0
476,2065,2128.12,0.0,0,0,0.0
480,2066,2104.75,0.0,0,0,0.0
484,2018,2073.5,0.0,0,0,0.0
488,2091,2067.38,0.0,0,0,0.0
492,2012,2054.38,0.0,0,0,0.0
496,2077,2054.38,0.0,0,0,0.0
500,2131,2067.75,0.0,0,0,0.0
504,2040,2062.5,0.0,0,0,0.0
508,2057,2061.5,98.5,0,0,0.0
512,2082,2063.5,18.7,0,0,0.0
516,2068,2069.75,14.9,0,0,0.0
520,2042,2063.62,14.0,0,0,0.0
524,2095,2074.0,13.5,0,0,0.0
528,2066,2072.62,13.3,0,0,0.0
532,2117,2070.88,12.9,0,0,0.0
536,2081,2076.0,12.9,0,0,0.0
540,2160,2088.88,12.9,0,0,0.0
544,2096,2090.62,12.9,0,0,0.0
548,2116,2096.62,13.3,0,0,0.0
552,2156,2110.88,13.5,0,0,0.0
556,2101,2111.62,13.2,0,0,0.0
560,2150,2122.12,12.8,0,0,0.0
564,2189,2131.12,12.7,0,0,0.0
568,2107,2134.38,12.7,0,0,0.0
572,2167,2135.25,12.7,0,0,0.0
576,2175,2145.12,12.5,0,0,0.0
580,2195,2155.0,12.6,0,0,0.0
584,2140,2153.0,12.8,0,0,0.0
588,2142,2158.12,12.5,0,0,0.0
592,2201,2164.5,15.5,0,0,0.0
596,2198,2165.62,19.1,0,0,0.0
600,2199,2177.12,19.6,0,0,0.0
604,2205,2181.88,18.4,0,0,0.0
608,2176,2182.0,19.0,0,0,0.0
612,2204,2183.12,13.7,0,0,0.0
616,2206,2191.38,12.8,0,0,0.0
620,2176,2195.62,13.1,0,0,0.0
624,2252,2202.0,12.9,0,0,0.0
628,2209,2203.38,13.0,0,0,0.0
632,2157,2198.12,12.9,0,0,0.0
636,2210,2198.75,12.7,0,0,0.0
640,2157,2196.38,12.7,0,0,0.0
644,2206,2196.62,12.8,0,0,0.0
648,2213,2197.5,16.8,0,0,0.0
652,2149,2194.12,13.2,0,0,0.0
656,2197,2187.25,12.8,0,0,0.0
660,2175,2183.0,12.8,0,0,0.0
664,2182,2186.12,13.4,0,0,0.0
668,2208,2185.88,13.2,0,0,0.0
672,2138,2183.5,12.6,0,0,0.0
676,2117,2172.38,12.6,0,0,0.0
680,2107,2159.12,12.6,0,0,0.0
684,2103,2153.38,12.8,0,0,0.0
688,2119,2143.62,12.8,0,0,0.0
692,2126,2137.5,12.9,0,0,0.0
696,2118,2129.5,12.7,0,0,0.0
700,2129,2119.62,12.5,0,0,0.0
704,2100,2114.88,12.6,0,0,0.0
708,2138,2117.5,12.7,0,0,0.0
712,2082,2114.38,12.6,0,0,0.0
716,2167,2122.38,12.5,0,0,0.0
720,2100,2120.0,12.8,0,0,0.0
724,2052,2110.75,12.6,0,0,0.0
728,2042,2101.25,12.6,0,0,0.0
732,2086,2095.88,12.7,0,0,0.0
736,2062,2091.12,14.5,0,0,0.0
740,2087,2084.75,24.1,0,0,0.0
744,2077,2084.12,17.5,0,0,0.0
748,2059,2070.62,12.8,0,0,0.0
752,2034,2062.38,12.9,0,0,0.0
756,2012,2057.38,12.8,0,0,0.0
760,2043,2057.5,12.8,0,0,0.0
764,2081,2056.88,12.9,0,0,0.0
768,2060,2056.62,12.7,0,0,0.0
772,2015,2047.62,12.8,0,0,0.0
776,2057,2045.12,13.0,0,0,0.0
780,2063,2045.62,12.6,0,0,0.0
784,2024,2044.38,12.7,0,0,0.0
788,2055,2049.75,12.8,0,0,0.0
792,2051,2050.75,12.8,0,0,0.0
796,2015,2042.5,12.7,0,0,0.0
800,2060,2042.5,12.5,0,0,0.0
804,2065,2048.75,12.6,0,0,0.0
808,2081,2051.75,12.9,0,0,0.0
812,2080,2053.88,12.8,0,0,0.0
816,2007,2051.75,13.1,0,0,0.0
820,2020,2047.38,12.8,0,0,0.0
824,2063,2048.88,12.9,0,0,0.0
828,2063,2054.88,12.9,0,0,0.0
832,2063,2055.25,20.3,0,0,0.0
836,2163,2067.5,13.4,0,0,0.0
840,2065,2065.5,12.8,0,0,0.0
844,2082,2065.75,12.4,0,0,0.0
848,2077,2074.5,18.0,0,0,0.0
852,2068,2080.5,13.3,0,0,0.0
856,2039,2077.5,15.1,0,0,0.0
860,2072,2078.62,15.1,0,0,0.0
864,2026,2074.0,12.5,0,0,0.0
868,2043,2059.0,12.6,0,0,0.0
872,2036,2055.38,12.7,0,0,0.0
876,2054,2051.88,12.7,0,0,0.0
880,2121,2057.38,12.7,0,0,0.0
884,1997,2048.5,12.6,0,0,0.0
888,2075,2053.0,15.3,0,0,0.0
892,2007,2044.88,12.9,0,0,0.0
896,2043,2047.0,12.8,0,0,0.0
900,2091,2053.0,12.9,0,0,0.0
904,2062,2056.25,12.8,0,0,0.0
908,2030,2053.25,12.5,0,0,0.0
912,2043,2043.5,12.5,0,0,0.0
916,2087,2054.75,12.4,0,0,0.0
920,2048,2051.38,19.8,0,0,0.0
924,2079,2060.38,26.3,0,0,0.0
928,2077,2064.62,13.2,0,0,0.0
932,2060,2060.75,12.7,0,0,0.0
936,2147,2071.38,12.6,0,0,0.0
940,2105,2080.75,12.8,0,0,0.0
944,2029,2079.0,12.7,0,0,0.0
948,2100,2080.62,12.8,0,0,0.0
952,2078,2084.38,12.9,0,0,0.0
956,2127,2090.38,12.5,0,0,0.0
960,2082,2091.0,12.6,0,0,0.0
964,2106,2096.75,13.0,0,0,0.0
968,2128,2094.38,12.7,0,0,0.0
972,2142,2099.0,12.9,0,0,0.0
976,2083,2105.75,17.4,0,0,0.0
980,2111,2107.12,12.8,0,0,0.0
984,2109,2111.0,13.2,0,0,0.0
988,2106,2108.38,12.6,0,0,0.0
992,2179,2120.5,12.8,0,0,0.0
996,2139,2124.62,12.7,0,0,0.0
1000,2090,2119.88,12.9,0,0,0.0
1004,2155,2121.5,12.7,0,0,0.0
1008,2190,2134.88,12.6,0,0,0.0
1012,2156,2140.5,19.4,0,0,0.0
1016,2078,2136.62,15.7,0,0,0.0
1020,2107,2136.75,13.4,0,0,0.0
1024,2157,2134.0,13.0,0,0,0.0
1028,2095,2128.5,12.6,0,0,0.0
1032,2126,2133.0,13.2,0,0,0.0
1036,2132,2130.12,13.3,0,0,0.0
1040,2078,2116.12,13.0,0,0,0.0
1044,2100,2109.12,12.9,0,0,0.0
1048,2001,2099.5,12.9,0,0,0.0
1052,2063,2094.0,12.9,0,0,0.0
1056,2083,2084.75,13.4,0,0,0.0
1060,2049,2079.0,12.8,0,0,0.0
1064,2132,2079.75,12.9,0,0,0.0
1068,2036,2067.75,17.5,0,0,0.0
1072,2063,2065.88,12.6,0,0,0.0
1076,2077,2063.0,13.0,0,0,0.0
1080,2113,2077.0,12.7,0,0,0.0
1084,2024,2072.12,13.1,0,0,0.0
1088,2099,2074.12,13.2,0,0,0.0
1092,2063,2075.88,13.0,0,0,0.0
1096,2031,2063.25,12.8,0,0,0.0
1100,2072,2067.75,12.8,0,0,0.0
1104,2063,2067.75,13.1,0,0,0.0
1108,2037,2062.75,16.6,0,0,0.0
1112,2056,2055.62,13.9,0,0,0.0
1116,2041,2057.75,13.0,0,0,0.0
1120,2055,2052.25,12.8,0,0,0.0
1124,2071,2053.25,12.8,0,0,0.0
1128,2098,2061.62,12.9,0,0,0.0
1132,2013,2054.25,12.7,0,0,0.0
1136,2113,2060.5,12.5,0,0,0.0
1140,1990,2054.62,12.6,0,0,0.0
1144,2043,2053.0,12.6,0,0,0.0
1148,2064,2055.88,12.7,0,0,0.0
1152,2054,2055.75,12.8,0,0,0.0
1156,2025,2050.0,13.0,0,0,0.0
1160,2035,2042.12,16.6,0,0,0.0
1164,2023,2043.38,12.7,0,0,0.0
1168,2016,2031.25,12.6,0,0,0.0
1172,2055,2039.38,12.5,0,0,0.0
1176,2037,2038.62,12.9,0,0,0.0
1180,2002,2030.88,12.8,0,0,0.0
1184,2049,2030.25,12.5,0,0,0.0
1188,2034,2031.38,12.7,0,0,0.0
1192,2057,2034.12,12.6,0,0,0.0
1196,2066,2039.5,12.7,0,0,0.0
1200,2044,2043.0,20.0,0,0,0.0
1204,2082,2046.38,25.3,0,0,0.0
1208,2161,2061.88,12.6,0,0,0.0
1212,2205,2087.25,16.9,0,0,0.0
1216,2241,2111.25,13.1,0,0,0.0
1220,2307,2145.38,12.7,0,0,0.0
1224,2406,2189.0,12.7,0,0,0.0
1228,2414,2232.5,14.7,0,0,0.0
1232,2509,2290.62,13.2,0,0,0.0
1236,2541,2348.0,13.7,0,0,0.0
1240,2584,2400.88,13.1,0,0,0.0
1244,2653,2456.88,12.9,0,0,0.0
1248,2659,2509.12,12.9,0,0,0.0
1252,2655,2552.62,12.8,0,0,0.0
1256,2650,2583.12,12.8,0,0,0.0
1260,2576,2603.38,13.0,0,0,0.0
1264,2547,2608.12,13.0,0,0,0.0
1268,2459,2597.88,12.9,0,0,0.0
1272,2413,2576.5,12.8,0,0,0.0
1276,2333,2536.5,13.1,0,0,0.0
1280,2275,2488.5,13.0,0,0,0.0
1284,2230,2435.38,12.7,0,0,0.0
1288,2136,2371.12,12.8,0,0,0.0
1292,2182,2321.88,24.3,0,0,0.0
1296,2057,2260.62,13.0,0,0,0.0
1300,2028,2206.75,12.7,0,0,0.0
1304,2086,2165.88,13.3,0,0,0.0
1308,2068,2132.75,13.0,0,0,0.0
1312,2061,2106.0,13.1,0,0,0.0
1316,2063,2085.12,13.0,0,0,0.0
1320,2047,2074.0,13.7,0,0,0.0
1324,2026,2054.5,13.2,0,0,0.0
1328,2060,2054.88,13.3,0,0,0.0
1332,2043,2056.75,13.1,0,0,0.0
1336,2097,2058.12,12.9,0,0,0.0
1340,2068,2058.12,13.1,0,0,0.0
1344,2053,2057.12,12.7,0,0,0.0
1348,2072,2058.25,12.9,0,0,0.0
1352,2099,2064.75,12.9,0,0,0.0
1356,2074,2070.75,16.5,0,0,0.0
1360,2071,2072.12,12.4,0,0,0.0
1364,2108,2080.25,12.9,0,0,0.0
1368,2114,2082.38,13.4,0,0,0.0
1372,2097,2086.0,12.9,0,0,0.0
1376,2103,2092.25,13.5,0,0,0.0
1380,2130,2099.5,19.6,0,0,0.0
1384,2086,2097.88,15.1,0,0,0.0
1388,2093,2100.25,13.3,0,0,0.0
1392,2120,2106.38,12.9,0,0,0.0
1396,2141,2110.5,18.1,0,0,0.0
1400,2163,2116.62,12.7,0,0,0.0
1404,2204,2130.0,13.1,0,0,0.0
1408,2191,2141.0,13.4,0,0,0.0
1412,2165,2145.38,12.8,0,0,0.0
1416,2175,2156.5,13.0,0,0,0.0
1420,2150,2163.62,13.0,0,0,0.0
1424,2184,2171.62,12.8,0,0,0.0
1428,2179,2176.38,12.9,0,0,0.0
1432,2201,2181.12,12.8,0,0,0.0
1436,2169,2176.75,12.8,0,0,0.0
1440,2211,2179.25,17.6,0,0,0.0
1444,2243,2189.0,13.5,0,0,0.0
1448,2194,2191.38,13.1,0,0,0.0
1452,2209,2198.75,13.4,0,0,0.0
1456,2217,2202.88,13.1,0,0,0.0
1460,2183,2203.38,13.0,0,0,0.0
1464,2200,2203.25,12.8,0,0,0.0
1468,2191,2206.0,13.2,0,0,0.0
1472,2191,2203.5,12.7,0,0,0.0
1476,2161,2193.25,14.0,0,0,0.0
1480,2181,2191.62,12.7,0,0,0.0
1484,2190,2189.25,12.8,0,0,0.0
1488,2214,2188.88,12.6,0,0,0.0
1492,2194,2190.25,13.1,0,0,0.0
1496,2224,2193.25,12.8,0,0,0.0
1500,2130,2185.62,12.6,0,0,0.0
1504,2174,2183.5,13.0,0,0,0.0
1508,2147,2181.75,12.9,0,0,0.0
1512,2201,2184.25,12.7,0,0,0.0
1516,2105,2173.62,12.4,0,0,0.0
1520,2098,2159.12,12.6,0,0,0.0
1524,2100,2147.38,12.9,0,0,0.0
1528,2048,2125.38,12.7,0,0,0.0
1532,2091,2120.5,13.2,0,0,0.0
1536,2078,2108.5,12.5,0,0,0.0
1540,2101,2102.75,13.0,0,0,0.0
1544,2102,2090.38,12.6,0,0,0.0
1548,2143,2095.12,13.1,0,0,0.0
1552,2111,2096.75,13.0,0,0,0.0
1556,2062,2092.0,12.7,0,0,0.0
1560,2048,2092.0,12.4,0,0,0.0
1564,2087,2091.5,16.0,0,0,0.0
1568,2030,2085.5,17.2,0,0,0.0
1572,2121,2088.0,16.4,0,0,0.0
1576,2099,2087.62,13.0,0,0,0.0
1580,2048,2075.75,12.7,0,0,0.0
1584,2008,2062.88,12.6,0,0,0.0
1588,2099,2067.5,12.7,0,0,0.0
1592,2053,2068.12,12.5,0,0,0.0
1596,2092,2068.75,12.4,0,0,0.0
1600,2006,2065.75,13.3,0,0,0.0
1604,2035,2055.0,14.2,0,0,0.0
1608,2052,2049.12,13.0,0,0,0.0
1612,2053,2049.75,12.8,0,0,0.0
1616,2037,2053.38,12.8,0,0,0.0
1620,2069,2049.62,12.9,0,0,0.0
1624,2018,2045.25,17.6,0,0,0.0
1628,2045,2039.38,13.2,0,0,0.0
1632,2053,2045.25,13.0,0,0,0.0
1636,2064,2048.88,13.2,0,0,0.0
1640,2070,2051.12,12.7,0,0,0.0
1644,2015,2046.38,13.0,0,0,0.0
1648,2002,2042.0,13.6,0,0,0.0
1652,2086,2044.12,13.1,0,0,0.0
1656,2058,2049.12,16.4,0,0,0.0
1660,2025,2046.62,13.6,0,0,0.0
1664,2094,2051.75,12.7,0,0,0.0
1668,2051,2050.12,12.7,0,0,0.0
1672,2083,2051.75,12.9,0,0,0.0
1676,2050,2056.12,13.2,0,0,0.0
1680,2110,2069.62,13.6,0,0,0.0
1684,2101,2071.5,12.7,0,0,0.0
1688,2041,2069.38,13.3,0,0,0.0
1692,2078,2076.0,13.5,0,0,0.0
1696,2069,2072.88,13.1,0,0,0.0
1700,2091,2077.88,12.5,0,0,0.0
1704,2021,2070.12,12.9,0,0,0.0
1708,2072,2072.88,13.6,0,0,0.0
1712,2083,2069.5,13.0,0,0,0.0
1716,2000,2056.88,13.1,0,0,0.0
1720,2018,2054.0,12.8,0,0,0.0
1724,1994,2043.5,12.8,0,0,0.0
1728,2048,2040.88,13.0,0,0,0.0
1732,2079,2039.38,22.2,0,0,0.0
1736,2105,2049.88,13.3,0,0,0.0
1740,2064,2048.88,13.1,0,0,0.0
1744,2113,2052.62,19.8,0,0,0.0
1748,2025,2055.75,13.5,0,0,0.0
1752,2018,2055.75,13.2,0,0,0.0
1756,2070,2065.25,13.1,0,0,0.0
1760,2086,2070.0,13.1,0,0,0.0
1764,2077,2069.75,13.0,0,0,0.0
1768,2020,2059.12,13.1,0,0,0.0
1772,2083,2061.5,12.7,0,0,0.0
1776,2050,2053.62,12.9,0,0,0.0
1780,2113,2064.62,13.4,0,0,0.0
1784,2108,2075.88,12.9,0,0,0.0
1788,2072,2076.12,12.9,0,0,0.0
1792,2089,2076.5,13.7,0,0,0.0
1796,2076,2076.38,13.0,0,0,0.0
1800,2110,2087.62,12.9,0,0,0.0
1804,2144,2095.25,12.7,0,0,0.0
1808,2088,2100.0,13.0,0,0,0.0
1812,2136,2102.88,12.7,0,0,0.0
1816,2107,2102.75,12.9,0,0,0.0
1820,2101,2106.38,12.8,0,0,0.0
1824,2123,2110.62,12.6,0,0,0.0
1828,2096,2113.12,13.5,0,0,0.0
1832,2111,2113.25,12.7,0,0,0.0
1836,2091,2106.62,12.6,0,0,0.0
1840,2186,2118.88,12.7,0,0,0.0
1844,2127,2117.75,12.7,0,0,0.0
1848,2103,2117.25,12.6,0,0,0.0
1852,2129,2120.75,12.8,0,0,0.0
1856,2116,2119.88,12.7,0,0,0.0
1860,2110,2121.62,12.5,0,0,0.0
1864,2132,2124.25,724.8,0,0,0.0
1868,2133,2129.5,29.8,0,0,0.0
1872,2091,2117.62,14.6,0,0,0.0
1876,2086,2112.5,13.3,0,0,0.0
1880,2091,2111.0,13.2,0,0,0.0
1884,2026,2098.12,13.3,0,0,0.0
1888,2046,2089.38,12.7,0,0,0.0
1892,2129,2091.75,12.9,0,0,0.0
1896,2133,2091.88,12.8,0,0,0.0
1900,2073,2084.38,13.1,0,0,0.0
1904,2094,2084.75,12.6,0,0,0.0
1908,2083,2084.38,12.8,0,0,0.0
1912,2163,2093.38,12.9,0,0,0.0
1916,2101,2102.75,13.0,0,0,0.0
1920,2061,2104.62,12.7,0,0,0.0
1924,2034,2092.75,13.1,0,0,0.0
1928,2013,2077.75,12.7,0,0,0.0
1932,2065,2076.75,12.7,0,0,0.0
1936,2035,2069.38,12.8,0,0,0.0
1940,2013,2060.62,12.9,0,0,0.0
1944,2035,2044.62,12.8,0,0,0.0
1948,2021,2034.62,12.8,0,0,0.0
1952,2103,2039.88,12.5,0,0,0.0
1956,2078,2045.38,12.9,0,0,0.0
1960,2050,2050.0,12.5,0,0,0.0
1964,2094,2053.62,12.5,0,0,0.0
1968,2052,2055.75,17.4,0,0,0.0
1972,2023,2057.0,13.2,0,0,0.0
1976,2094,2064.38,12.6,0,0,0.0
1980,2063,2069.62,12.6,0,0,0.0
1984,2015,2058.62,12.9,0,0,0.0
1988,2038,2053.62,12.6,0,0,0.0
1992,2015,2049.25,12.4,0,0,0.0
1996,1997,2037.12,12.7,0,0,0.0
2000,2063,2038.5,12.6,0,0,0.0
2004,2088,2046.62,14.2,0,0,0.0
2008,1985,2033.0,13.1,0,0,0.0
2012,2041,2030.25,20.6,0,0,0.0
2016,2003,2028.75,13.5,0,0,0.0
2020,2009,2025.12,13.0,0,0,0.0
2024,2012,2024.75,12.9,0,0,0.0
2028,2016,2027.12,13.0,0,0,0.0
2032,2062,2027.0,13.1,0,0,0.0
2036,2063,2023.88,12.9,0,0,0.0
2040,2132,2042.25,13.1,0,0,0.0
2044,2168,2058.12,12.7,0,0,0.0
2048,2215,2084.62,13.0,0,0,0.0
2052,2255,2115.38,13.5,0,0,0.0
2056,2329,2155.0,13.1,0,0,0.0
2060,2433,2207.12,13.0,0,0,0.0
2064,2488,2260.38,13.2,0,0,0.0
2068,2500,2315.0,13.1,0,0,0.0
2072,2580,2371.0,12.9,0,0,0.0
2076,2634,2429.25,12.9,0,0,0.0
2080,2581,2475.0,12.9,0,0,0.0
2084,2650,2524.38,13.4,0,0,0.0
2088,2600,2558.25,13.2,0,0,0.0
2092,2606,2579.88,12.9,0,0,0.0
2096,2522,2584.12,13.0,0,0,0.0
2100,2434,2575.88,12.8,0,0,0.0
2104,2376,2550.38,12.9,0,0,0.0
2108,2360,2516.12,12.8,0,0,0.0
2112,2301,2481.12,12.9,0,0,0.0
2116,2204,2425.38,12.8,0,0,0.0
2120,2196,2374.88,12.8,0,0,0.0
2124,2082,2309.38,13.2,0,0,0.0
2128,2095,2256.0,13.2,0,0,0.0
2132,2035,2206.12,12.8,0,0,0.0
2136,2035,2163.5,13.1,0,0,0.0
2140,2047,2124.38,12.9,0,0,0.0
2144,2016,2088.75,17.5,0,0,0.0
2148,2032,2067.25,21.9,0,0,0.0
2152,2077,2052.38,13.2,0,0,0.0
2156,2034,2046.38,12.9,0,0,0.0
2160,2081,2044.62,13.0,0,0,0.0
2164,2028,2043.75,13.1,0,0,0.0
2168,2082,2049.62,13.2,0,0,0.0
2172,2115,2058.12,13.1,0,0,0.0
2176,2002,2056.38,13.0,0,0,0.0
2180,2057,2059.5,13.1,0,0,0.0
2184,2102,2062.62,12.7,0,0,0.0
2188,2084,2068.88,12.8,0,0,0.0
2192,2106,2072.0,12.9,0,0,0.0
2196,2081,2078.62,12.7,0,0,0.0
2200,2107,2081.75,14.4,0,0,0.0
2204,2105,2080.5,13.0,0,0,0.0
2208,2151,2099.12,13.0,0,0,0.0
2212,2129,2108.12,13.0,0,0,0.0
2216,2138,2112.62,13.0,0,0,0.0
2220,2121,2117.25,12.8,0,0,0.0
2224,2125,2119.62,12.9,0,0,0.0
2228,2133,2126.12,12.9,0,0,0.0
2232,2163,2133.12,12.8,0,0,0.0
2236,2145,2138.12,12.6,0,0,0.0
2240,2172,2140.75,13.0,0,0,0.0
2244,2231,2153.5,12.7,0,0,0.0
2248,2200,2161.25,12.5,0,0,0.0
2252,2169,2167.25,12.7,0,0,0.0
2256,2219,2179.0,12.7,0,0,0.0
2260,2174,2184.12,13.0,0,0,0.0
2264,2129,2179.88,13.1,0,0,0.0
2268,2162,2182.0,13.1,0,0,0.0
2272,2139,2177.88,13.1,0,0,0.0
2276,2186,2172.25,13.3,0,0,0.0
2280,2198,2172.0,12.8,0,0,0.0
2284,2248,2181.88,13.3,0,0,0.0
2288,2207,2180.38,13.3,0,0,0.0
2292,2189,2182.25,13.1,0,0,0.0
2296,2219,2193.5,13.1,0,0,0.0
2300,2125,2188.88,13.5,0,0,0.0
2304,2196,2196.0,13.3,0,0,0.0
2308,2208,2198.75,12.9,0,0,0.0
2312,2137,2191.12,13.1,0,0,0.0
2316,2211,2186.5,12.9,0,0,0.0
2320,2182,2183.38,13.7,0,0,0.0
2324,2154,2179.0,13.2,0,0,0.0
2328,2180,2174.12,12.9,0,0,0.0
2332,2224,2186.5,12.7,0,0,0.0
2336,2155,2181.38,13.0,0,0,0.0
2340,2151,2174.25,12.9,0,0,0.0
2344,2124,2172.62,13.1,0,0,0.0
2348,2106,2159.5,13.0,0,0,0.0
2352,2150,2155.5,13.0,0,0,0.0
2356,2094,2148.0,13.1,0,0,0.0
2360,2116,2140.0,13.0,0,0,0.0
2364,2094,2123.75,13.1,0,0,0.0
2368,2117,2119.0,12.9,0,0,0.0
2372,2108,2113.62,13.6,0,0,0.0
2376,2124,2113.62,13.1,0,0,0.0
2380,2073,2109.5,12.8,0,0,0.0
2384,2076,2100.25,13.0,0,0,0.0
2388,2051,2094.88,13.0,0,0,0.0
2392,2063,2088.25,12.9,0,0,0.0
2396,2085,2087.12,12.8,0,0,0.0
2400,2093,2084.12,13.0,0,0,0.0
2404,2040,2075.62,13.1,0,0,0.0
2408,2091,2071.5,13.0,0,0,0.0
2412,2103,2075.25,12.7,0,0,0.0
2416,2073,2074.88,12.8,0,0,0.0
2420,2115,2082.88,13.0,0,0,0.0
2424,2034,2079.25,12.8,0,0,0.0
2428,2018,2070.88,13.4,0,0,0.0
2432,2001,2059.38,12.8,0,0,0.0
2436,2098,2066.62,13.2,0,0,0.0
2440,2072,2064.25,12.7,0,0,0.0
2444,2050,2057.62,13.1,0,0,0.0
2448,2059,2055.88,13.0,0,0,0.0
2452,2017,2043.62,12.9,0,0,0.0
2456,2123,2054.75,12.9,0,0,0.0
2460,2053,2059.12,13.1,0,0,0.0
2464,2052,2065.5,13.0,0,0,0.0
2468,2071,2062.12,13.2,0,0,0.0
2472,2063,2061.0,12.9,0,0,0.0
2476,2055,2061.62,12.8,0,0,0.0
2480,2024,2057.25,13.1,0,0,0.0
2484,2062,2062.88,13.0,0,0,0.0
2488,2104,2060.5,13.3,0,0,0.0
2492,2088,2064.88,13.1,0,0,0.0
2496,2096,2070.38,13.8,0,0,0.0
2500,2033,2065.62,13.0,0,0,0.0
2504,2018,2060.0,13.1,0,0,0.0
2508,2044,2058.62,13.0,0,0,0.0
2512,2050,2061.88,13.0,0,0,0.0
2516,2081,2064.25,12.8,0,0,0.0
2520,1998,2051.0,13.2,0,0,0.0
2524,2095,2051.88,12.8,0,0,0.0
2528,2044,2045.38,13.1,0,0,0.0
2532,2037,2045.88,12.9,0,0,0.0
2536,2020,2046.12,13.0,0,0,0.0
2540,2001,2040.75,13.0,0,0,0.0
2544,2076,2044.0,12.8,0,0,0.0
2548,2054,2040.62,12.8,0,0,0.0
2552,2015,2042.75,14.8,0,0,0.0
2556,2016,2032.88,13.9,0,0,0.0
2560,2046,2033.12,13.1,0,0,0.0
2564,2107,2041.88,13.0,0,0,0.0
2568,2051,2045.75,13.1,0,0,0.0
2572,2016,2047.62,12.9,0,0,0.0
2576,2056,2045.12,12.8,0,0,0.0
2580,2057,2045.5,13.0,0,0,0.0
2584,1987,2042.0,12.8,0,0,0.0
2588,2069,2048.62,13.0,0,0,0.0
2592,2067,2051.25,13.1,0,0,0.0
2596,2098,2050.12,12.9,0,0,0.0
2600,2136,2060.75,13.1,0,0,0.0
2604,2118,2073.5,12.9,0,0,0.0
2608,2080,2076.5,13.3,0,0,0.0
2612,2058,2076.62,13.4,0,0,0.0
2616,2173,2099.88,13.2,0,0,0.0
2620,2101,2103.88,14.7,0,0,0.0
2624,2104,2108.5,13.6,0,0,0.0
2628,2106,2109.5,13.6,0,0,0.0
2632,2116,2107.0,13.4,0,0,0.0
2636,2109,2105.88,13.4,0,0,0.0
2640,2100,2108.38,13.1,0,0,0.0
2644,2103,2114.0,13.6,0,0,0.0
2648,2121,2107.5,13.7,0,0,0.0
2652,2108,2108.38,13.4,0,0,0.0
2656,2104,2108.38,13.3,0,0,0.0
2660,2130,2111.38,13.4,0,0,0.0
2664,2120,2111.88,13.4,0,0,0.0
2668,2173,2119.88,14.2,0,0,0.0
2672,2048,2113.38,13.7,0,0,0.0
2676,2159,2120.38,13.5,0,0,0.0
2680,2162,2125.5,13.5,0,0,0.0
2684,2061,2119.62,13.5,0,0,0.0
2688,2110,2120.38,13.4,0,0,0.0
2692,2107,2117.5,13.8,0,0,0.0
2696,2073,2111.62,13.4,0,0,0.0
2700,2088,2101.0,13.4,0,0,0.0
2704,2075,2104.38,13.8,0,0,0.0
2708,2157,2104.12,13.3,0,0,0.0
2712,2129,2100.0,13.3,0,0,0.0
2716,2135,2109.25,13.6,0,0,0.0
2720,2114,2109.75,13.4,0,0,0.0
2724,2055,2103.25,13.5,0,0,0.0
2728,2069,2102.75,13.1,0,0,0.0
2732,2096,2103.75,13.3,0,0,0.0
2736,2041,2099.5,13.2,0,0,0.0
2740,2096,2091.88,13.2,0,0,0.0
2744,2064,2083.75,13.3,0,0,0.0
2748,2058,2074.12,13.1,0,0,0.0
2752,2087,2070.75,13.2,0,0,0.0
2756,2077,2073.5,13.2,0,0,0.0
2760,2051,2071.25,13.1,0,0,0.0
2764,2094,2071.0,13.1,0,0,0.0
2768,2025,2069.0,13.3,0,0,0.0
2772,2075,2066.38,13.4,0,0,0.0
2776,2073,2067.5,13.3,0,0,0.0
2780,2044,2065.75,13.4,0,0,0.0
2784,2062,2062.62,13.5,0,0,0.0
2788,2014,2054.75,13.4,0,0,0.0
2792,2079,2058.25,13.4,0,0,0.0
2796,2045,2052.12,13.5,0,0,0.0
2800,2034,2053.25,13.4,0,0,0.0
2804,2080,2053.88,13.5,0,0,0.0
2808,2027,2048.12,13.4,0,0,0.0
2812,2005,2043.25,13.2,0,0,0.0
2816,1999,2035.38,13.3,0,0,0.0
2820,2063,2041.5,13.4,0,0,0.0
2824,2004,2032.12,13.3,0,0,0.0
2828,2092,2038.0,13.2,0,0,0.0
2832,1974,2030.5,13.1,0,0,0.0
2836,2083,2030.88,13.3,0,0,0.0
2840,2035,2031.88,13.6,0,0,0.0
2844,2022,2034.0,13.4,0,0,0.0
2848,2006,2034.88,13.2,0,0,0.0
2852,2035,2031.38,13.5,0,0,0.0
2856,2026,2034.12,13.3,0,0,0.0
2860,2070,2031.38,13.4,0,0,0.0
2864,2057,2041.75,13.1,0,0,0.0
2868,2082,2041.62,13.3,0,0,0.0
2872,2100,2049.75,13.4,0,0,0.0
2876,2152,2066.0,13.4,0,0,0.0
2880,2213,2091.88,13.3,0,0,0.0
2884,2210,2113.75,13.6,0,0,0.0
2888,2284,2146.0,13.3,0,0,0.0
2892,2411,2188.62,13.3,0,0,0.0
2896,2458,2238.75,13.4,0,0,0.0
2900,2506,2291.75,13.4,0,0,0.0
2904,2563,2349.62,13.5,0,0,0.0
2908,2612,2407.12,13.3,0,0,0.0
2912,2610,2456.75,13.7,0,0,0.0
2916,2612,2507.0,13.7,0,0,0.0
2920,2632,2550.5,13.5,0,0,0.0
2924,2572,2570.62,13.2,0,0,0.0
2928,2573,2585.0,13.2,0,0,0.0
2932,2457,2578.88,13.3,0,0,0.0
2936,2478,2568.25,13.2,0,0,0.0
2940,2395,2541.12,13.3,0,0,0.0
2944,2322,2505.12,13.2,0,0,0.0
2948,2281,2463.75,13.3,0,0,0.0
2952,2244,2415.25,13.4,0,0,0.0
2956,2176,2365.75,13.3,0,0,0.0
2960,2052,2300.62,13.4,0,0,0.0
2964,2040,2248.5,13.7,0,0,0.0
2968,2040,2193.75,13.7,0,0,0.0
2972,2049,2150.5,13.4,0,0,0.0
2976,2058,2117.5,13.4,0,0,0.0
2980,2021,2085.0,13.4,0,0,0.0
2984,2051,2060.88,13.4,0,0,0.0
2988,2027,2042.25,13.5,0,0,0.0
2992,2036,2040.25,13.3,0,0,0.0
2996,2017,2037.38,13.5,0,0,0.0
3000,2037,2037.0,13.2,0,0,0.0
3004,2029,2034.5,13.2,0,0,0.0
3008,2045,2032.88,15.4,0,0,0.0
3012,2111,2044.12,13.8,0,0,0.0
3016,2055,2044.62,13.2,0,0,0.0
3020,2167,2062.12,13.3,0,0,0.0
3024,2108,2071.12,13.5,0,0,0.0
3028,2103,2081.88,18.9,0,0,0.0
3032,2077,2086.88,13.5,0,0,0.0
3036,2129,2099.38,13.4,0,0,0.0
3040,2097,2105.88,13.2,0,0,0.0
3044,2123,2107.38,13.6,0,0,0.0
3048,2202,2125.75,13.6,0,0,0.0
3052,2129,2121.0,13.6,0,0,0.0
3056,2172,2129.0,14.4,0,0,0.0
3060,2122,2131.38,13.7,0,0,0.0
3064,2148,2140.25,13.7,0,0,0.0
3068,2209,2150.25,13.6,0,0,0.0
3072,2142,2155.88,14.0,0,0,0.0
3076,2221,2168.12,13.6,0,0,0.0
3080,2193,2167.0,13.7,0,0,0.0
3084,2160,2170.88,13.9,0,0,0.0
3088,2200,2174.38,14.0,0,0,0.0
3092,2215,2186.0,13.5,0,0,0.0
3096,2208,2193.5,13.6,0,0,0.0
3100,2145,2185.5,13.9,0,0,0.0
3104,2172,2189.25,13.7,0,0,0.0
3108,2189,2185.25,13.7,0,0,0.0
3112,2195,2185.5,13.5,0,0,0.0
3116,2216,2192.5,13.6,0,0,0.0
3120,2203,2192.88,13.5,0,0,0.0
3124,2156,2185.5,13.6,0,0,0.0
3128,2206,2185.25,13.5,0,0,0.0
3132,2211,2193.5,13.8,0,0,0.0
3136,2207,2197.88,13.8,0,0,0.0
3140,2219,2201.62,13.7,0,0,0.0
3144,2208,2203.25,13.8,0,0,0.0
3148,2192,2200.25,14.0,0,0,0.0
3152,2172,2196.38,13.7,0,0,0.0
3156,2119,2191.75,13.9,0,0,0.0
3160,2176,2188.0,13.5,0,0,0.0
3164,2164,2182.12,13.6,0,0,0.0
3168,2160,2176.25,13.8,0,0,0.0
3172,2107,2162.25,13.5,0,0,0.0
3176,2107,2149.62,19.2,0,0,0.0
3180,2165,2146.25,89.7,0,0,0.0
3184,2126,2140.5,34.0,0,0,0.0
3188,2142,2143.38,17.7,0,0,0.0
3192,2117,2136.0,22.2,0,0,0.0
3196,2111,2129.38,14.2,0,0,0.0
3200,2133,2126.0,14.0,0,0,0.0
3204,2084,2123.12,13.8,0,0,0.0
3208,2097,2121.88,14.1,0,0,0.0
3212,2076,2110.75,13.4,0,0,0.0
3216,2073,2104.12,13.7,0,0,0.0
3220,2072,2095.38,13.2,0,0,0.0
3224,2084,2091.25,13.6,0,0,0.0
3228,2060,2084.88,13.4,0,0,0.0
3232,2109,2081.88,13.3,0,0,0.0
3236,2041,2076.5,13.2,0,0,0.0
3240,2060,2071.88,13.2,0,0,0.0
3244,2050,2068.62,13.4,0,0,0.0
3248,2105,2072.62,13.5,0,0,0.0
3252,2065,2071.75,13.2,0,0,0.0
3256,2089,2072.38,13.1,0,0,0.0
3260,2012,2066.38,13.2,0,0,0.0
3264,2063,2060.62,13.5,0,0,0.0
3268,2080,2065.5,13.2,0,0,0.0
3272,2055,2064.88,13.0,0,0,0.0
3276,2084,2069.12,13.2,0,0,0.0
3280,2036,2060.5,13.1,0,0,0.0
3284,2093,2064.0,12.9,0,0,0.0
3288,2119,2067.75,12.8,0,0,0.0
3292,2039,2071.12,13.1,0,0,0.0
3296,2036,2067.75,13.0,0,0,0.0
3300,2093,2069.38,13.0,0,0,0.0
3304,2096,2074.5,13.4,0,0,0.0
3308,2033,2068.12,13.0,0,0,0.0
3312,2036,2068.12,12.9,0,0,0.0
3316,2040,2061.5,13.0,0,0,0.0
3320,2008,2047.62,14.7,0,0,0.0
3324,2020,2045.25,13.5,0,0,0.0
3328,2018,2043.0,13.1,0,0,0.0
3332,2025,2034.5,12.8,0,0,0.0
3336,2047,2028.38,13.3,0,0,0.0
3340,2055,2031.12,13.0,0,0,0.0
3344,2095,2038.5,13.1,0,0,0.0
3348,2018,2035.75,13.5,0,0,0.0
3352,2078,2044.5,13.0,0,0,0.0
3356,2042,2047.25,13.0,0,0,0.0
3360,2048,2051.0,13.0,0,0,0.0
3364,2070,2056.62,12.9,0,0,0.0
3368,2016,2052.75,13.2,0,0,0.0
3372,2062,2053.62,12.8,0,0,0.0
3376,2056,2048.75,13.0,0,0,0.0
3380,2067,2054.88,13.1,0,0,0.0
3384,2062,2052.88,14.0,0,0,0.0
3388,2128,2063.62,13.1,0,0,0.0
3392,2036,2062.12,13.0,0,0,0.0
3396,2041,2058.5,13.0,0,0,0.0
3400,2040,2061.5,13.1,0,0,0.0
3404,2044,2059.25,13.5,0,0,0.0
3408,2043,2057.62,13.2,0,0,0.0
3412,2100,2061.75,13.1,0,0,0.0
3416,2110,2067.75,13.1,0,0,0.0
3420,2053,2058.38,13.1,0,0,0.0
3424,2048,2059.88,13.1,0,0,0.0
3428,2090,2066.0,13.2,0,0,0.0
3432,2063,2068.88,13.1,0,0,0.0
3436,2102,2076.12,13.1,0,0,0.0
3440,2093,2082.38,13.1,0,0,0.0
3444,2045,2075.5,13.6,0,0,0.0
3448,2141,2079.38,13.2,0,0,0.0
3452,2152,2091.75,13.2,0,0,0.0
3456,2083,2096.12,13.1,0,0,0.0
3460,2094,2096.62,13.2,0,0,0.0
3464,2118,2103.5,12.9,0,0,0.0
3468,2123,2106.12,13.1,0,0,0.0
3472,2136,2111.5,13.2,0,0,0.0
3476,2179,2128.25,13.0,0,0,0.0
3480,2116,2125.12,12.9,0,0,0.0
3484,2100,2118.62,13.5,0,0,0.0
3488,2084,2118.75,14.4,0,0,0.0
3492,2105,2120.12,15.9,0,0,0.0
3496,2126,2121.12,13.2,0,0,0.0
3500,2181,2128.38,13.3,0,0,0.0
3504,2112,2125.38,12.9,0,0,0.0
3508,2133,2119.62,13.0,0,0,0.0
3512,2125,2120.75,13.2,0,0,0.0
3516,2159,2128.12,13.2,0,0,0.0
3520,2197,2142.25,12.8,0,0,0.0
3524,2103,2142.0,13.2,0,0,0.0
3528,2101,2138.88,13.3,0,0,0.0
3532,2144,2134.25,13.0,0,0,0.0
3536,2130,2136.5,13.5,0,0,0.0
3540,2161,2140.0,12.9,0,0,0.0
3544,2119,2139.25,13.1,0,0,0.0
3548,2087,2130.25,12.8,0,0,0.0
3552,2112,2119.62,13.0,0,0,0.0
3556,2123,2122.12,12.9,0,0,0.0
3560,2111,2123.38,13.1,0,0,0.0
3564,2098,2117.62,12.8,0,0,0.0
3568,2111,2115.25,13.1,0,0,0.0
3572,2111,2109.0,12.7,0,0,0.0
3576,2114,2108.38,12.9,0,0,0.0
3580,2089,2108.62,12.8,0,0,0.0
3584,2062,2102.38,12.9,0,0,0.0
3588,2069,2095.62,13.3,0,0,0.0
3592,2098,2094.0,13.1,0,0,0.0
3596,2036,2086.25,13.0,0,0,0.0
3600,2069,2081.0,12.8,0,0,0.0
3604,2045,2072.75,12.9,0,0,0.0
3608,2056,2065.5,12.9,0,0,0.0
3612,2092,2065.88,12.9,0,0,0.0
3616,2059,2065.5,12.6,0,0,0.0
3620,2053,2063.5,13.1,0,0,0.0
3624,2010,2052.5,12.8,0,0,0.0
3628,2073,2057.12,12.9,0,0,0.0
3632,2069,2057.12,12.8,0,0,0.0
3636,2114,2065.75,13.0,0,0,0.0
3640,2039,2063.62,12.8,0,0,0.0
3644,2054,2058.88,21.1,0,0,0.0
3648,2054,2058.25,13.7,0,0,0.0
3652,2093,2063.25,13.6,0,0,0.0
3656,2040,2067.0,17.6,0,0,0.0
3660,2049,2064.0,13.5,0,0,0.0
3664,2056,2062.38,13.4,0,0,0.0
3668,2039,2053.0,13.2,0,0,0.0
3672,2016,2050.12,13.1,0,0,0.0
3676,2032,2047.38,13.0,0,0,0.0
3680,2055,2047.5,13.3,0,0,0.0
3684,1992,2034.88,13.3,0,0,0.0
3688,2029,2033.5,13.4,0,0,0.0
3692,2012,2028.88,13.2,0,0,0.0
3696,2083,2032.25,13.3,0,0,0.0
3700,2023,2030.25,12.9,0,0,0.0
3704,2082,2038.5,12.8,0,0,0.0
3708,2150,2053.25,13.1,0,0,0.0
3712,2233,2075.5,13.2,0,0,0.0
3716,2240,2106.5,13.1,0,0,0.0
3720,2286,2138.62,13.0,0,0,0.0
3724,2424,2190.12,13.3,0,0,0.0
3728,2388,2228.25,13.9,0,0,0.0
3732,2427,2278.75,13.3,0,0,0.0
3736,2560,2338.5,13.3,0,0,0.0
3740,2575,2391.62,13.4,0,0,0.0
3744,2589,2436.12,13.6,0,0,0.0
3748,2655,2488.0,13.3,0,0,0.0
3752,2638,2532.0,13.7,0,0,0.0
3756,2594,2553.25,13.0,0,0,0.0
3760,2537,2571.88,13.2,0,0,0.0
3764,2553,2587.62,15.0,0,0,0.0
3768,2488,2578.62,13.0,0,0,0.0
3772,2400,2556.75,13.5,0,0,0.0
3776,2392,2532.12,14.3,0,0,0.0
3780,2240,2480.25,13.5,0,0,0.0
3784,2166,2421.25,13.3,0,0,0.0
3788,2140,2364.5,13.2,0,0,0.0
3792,2118,2312.12,13.9,0,0,0.0
3796,2094,2254.75,13.5,0,0,0.0
3800,2057,2200.88,13.1,0,0,0.0
3804,2061,2158.5,13.0,0,0,0.0
3808,2006,2110.25,13.3,0,0,0.0
3812,2085,2090.88,13.1,0,0,0.0
3816,2041,2075.25,13.4,0,0,0.0
3820,2081,2067.88,13.6,0,0,0.0
3824,2063,2061.0,19.0,0,0,0.0
3828,2072,2058.25,13.9,0,0,0.0
3832,2080,2061.12,13.2,0,0,0.0
3836,2082,2063.75,13.4,0,0,0.0
3840,2092,2074.5,13.3,0,0,0.0
3844,2117,2078.5,13.8,0,0,0.0
3848,2088,2084.38,12.9,0,0,0.0
3852,2108,2087.75,13.0,0,0,0.0
3856,2089,2091.0,13.2,0,0,0.0
3860,2139,2099.38,13.8,0,0,0.0
3864,2081,2099.5,13.8,0,0,0.0
3868,2160,2109.25,13.4,0,0,0.0
3872,2111,2111.62,13.3,0,0,0.0
3876,2075,2106.38,13.2,0,0,0.0
3880,2127,2111.25,13.4,0,0,0.0
3884,2109,2111.38,17.8,0,0,0.0
3888,2161,2120.38,13.3,0,0,0.0
3892,2122,2118.25,13.4,0,0,0.0
3896,2134,2124.88,13.1,0,0,0.0
3900,2097,2117.0,13.1,0,0,0.0
3904,2146,2121.38,13.0,0,0,0.0
3908,2092,2123.5,13.4,0,0,0.0
3912,2123,2123.0,13.0,0,0,0.0
3916,2198,2134.12,14.6,0,0,0.0
3920,2203,2139.38,13.2,0,0,0.0
3924,2197,2148.75,12.8,0,0,0.0
3928,2159,2151.88,13.3,0,0,0.0
3932,2189,2163.38,13.1,0,0,0.0
3936,2193,2169.25,13.0,0,0,0.0
3940,2161,2177.88,12.9,0,0,0.0
3944,2242,2192.75,13.0,0,0,0.0
3948,2224,2196.0,13.3,0,0,0.0
3952,2191,2194.5,13.6,0,0,0.0
3956,2198,2194.62,13.6,0,0,0.0
3960,2202,2200.0,13.3,0,0,0.0
3964,2132,2192.88,13.1,0,0,0.0
3968,2183,2191.62,13.6,0,0,0.0
3972,2167,2192.38,13.2,0,0,0.0
3976,2154,2181.38,13.1,0,0,0.0
3980,2171,2174.75,12.9,0,0,0.0
3984,2229,2179.5,13.1,0,0,0.0
3988,2189,2178.38,13.2,0,0,0.0
3992,2148,2171.62,16.0,0,0,0.0
3996,2176,2177.12,13.9,0,0,0.0
4000,2195,2178.62,17.7,0,0,0.0
4004,2175,2179.62,12.9,0,0,0.0
4008,2143,2178.25,13.0,0,0,0.0
4012,2116,2171.38,13.3,0,0,0.0
4016,2150,2161.5,13.2,0,0,0.0
4020,2135,2154.75,13.1,0,0,0.0
4024,2144,2154.25,13.6,0,0,0.0
4028,2131,2148.62,13.0,0,0,0.0
4032,2138,2141.5,13.1,0,0,0.0
4036,2085,2130.25,13.2,0,0,0.0
4040,2136,2129.38,12.9,0,0,0.0
4044,2097,2127.0,18.5,0,0,0.0
4048,2149,2126.88,13.3,0,0,0.0
4052,2062,2117.75,12.9,0,0,0.0
4056,2131,2116.12,13.1,0,0,0.0
4060,2081,2109.88,12.6,0,0,0.0
4064,2053,2099.25,12.9,0,0,0.0
4068,2055,2095.5,12.9,0,0,0.0
4072,2057,2085.62,13.1,0,0,0.0
4076,2077,2083.12,16.2,0,0,0.0
4080,2078,2074.25,13.0,0,0,0.0
4084,2043,2071.88,13.0,0,0,0.0
4088,2057,2062.62,13.0,0,0,0.0
4092,2121,2067.62,13.5,0,0,0.0
4096,2107,2074.38,13.1,0,0,0.0
4100,2067,2075.88,13.2,0,0,0.0
4104,2054,2075.5,12.9,0,0,0.0
4108,2056,2072.88,13.0,0,0,0.0
4112,2070,2071.88,13.8,0,0,0.0
4116,2020,2069.0,13.5,0,0,0.0
4120,2042,2067.12,12.9,0,0,0.0
4124,2000,2052.0,14.3,0,0,0.0
4128,2061,2046.25,13.2,0,0,0.0
4132,2068,2046.38,12.8,0,0,0.0
4136,2034,2043.88,13.0,0,0,0.0
4140,2096,2048.88,12.5,0,0,0.0
4144,2012,2041.62,12.8,0,0,0.0
4148,2004,2039.62,12.9,0,0,0.0
4152,2055,2041.25,12.7,0,0,0.0
4156,2079,2051.12,13.2,0,0,0.0
4160,2098,2055.75,12.5,0,0,0.0
4164,2034,2051.5,13.7,0,0,0.0
4168,2080,2057.25,13.1,0,0,0.0
4172,2047,2051.12,12.8,0,0,0.0
4176,2043,2055.0,13.0,0,0,0.0
4180,2075,2063.88,13.2,0,0,0.0
4184,2068,2065.5,13.0,0,0,0.0
4188,2001,2055.75,12.8,0,0,0.0
4192,2093,2055.12,13.3,0,0,0.0
4196,2091,2062.25,12.6,0,0,0.0
4200,2031,2056.12,12.6,0,0,0.0
4204,2062,2058.0,13.2,0,0,0.0
4208,2066,2060.88,13.0,0,0,0.0
4212,2060,2059.0,13.2,0,0,0.0
4216,2036,2055.0,12.4,0,0,0.0
4220,2033,2059.0,12.9,0,0,0.0
4224,2054,2054.12,12.6,0,0,0.0
4228,2091,2054.12,12.4,0,0,0.0
4232,2074,2059.5,12.7,0,0,0.0
4236,2048,2057.75,13.1,0,0,0.0
4240,2085,2060.12,12.8,0,0,0.0
4244,1978,2049.88,12.7,0,0,0.0
4248,2101,2058.0,13.6,0,0,0.0
4252,2017,2056.0,12.7,0,0,0.0
4256,2061,2056.88,12.8,0,0,0.0
4260,2041,2050.62,12.6,0,0,0.0
4264,2039,2046.25,12.8,0,0,0.0
4268,2116,2054.75,13.1,0,0,0.0
4272,2071,2053.0,12.8,0,0,0.0
4276,2099,2068.12,12.7,0,0,0.0
4280,2091,2066.88,12.7,0,0,0.0
4284,2111,2078.62,12.7,0,0,0.0
4288,2103,2083.88,12.6,0,0,0.0
4292,2066,2087.0,12.7,0,0,0.0
4296,2138,2099.38,12.7,0,0,0.0
4300,2097,2097.0,12.6,0,0,0.0
4304,2068,2096.62,12.9,0,0,0.0
4308,2105,2097.38,12.7,0,0,0.0
4312,2166,2106.75,12.7,0,0,0.0
4316,2148,2111.38,12.8,0,0,0.0
4320,2114,2112.75,13.0,0,0,0.0
4324,2116,2119.0,13.1,0,0,0.0
4328,2117,2116.38,13.3,0,0,0.0
4332,2190,2128.0,12.9,0,0,0.0
4336,2139,2136.88,16.5,0,0,0.0
4340,2140,2141.25,13.5,0,0,0.0
4344,2157,2140.12,12.8,0,0,0.0
4348,2131,2138.0,13.0,0,0,0.0
4352,2114,2138.0,12.8,0,0,0.0
4356,2114,2137.75,13.1,0,0,0.0
4360,2115,2137.5,12.8,0,0,0.0
4364,2113,2127.88,12.7,0,0,0.0
4368,2132,2127.0,12.7,0,0,0.0
4372,2108,2123.0,13.0,0,0,0.0
4376,2125,2119.0,12.8,0,0,0.0
4380,2097,2114.75,13.0,0,0,0.0
4384,2098,2112.75,13.0,0,0,0.0
4388,2032,2102.5,12.8,0,0,0.0
4392,2115,2102.5,12.6,0,0,0.0
4396,2094,2100.12,12.7,0,0,0.0
4400,2110,2097.38,12.6,0,0,0.0
4404,1990,2082.62,13.1,0,0,0.0
4408,2136,2084.0,13.4,0,0,0.0
4412,2067,2080.25,12.6,0,0,0.0
4416,2101,2080.62,12.6,0,0,0.0
4420,2034,2080.88,12.8,0,0,0.0
4424,2081,2076.62,12.6,0,0,0.0
4428,2029,2068.5,12.6,0,0,0.0
4432,2040,2059.75,12.5,0,0,0.0
4436,2115,2075.38,12.7,0,0,0.0
4440,2050,2064.62,12.7,0,0,0.0
4444,2061,2063.88,12.5,0,0,0.0
4448,2079,2061.12,12.5,0,0,0.0
4452,2067,2065.25,12.7,0,0,0.0
4456,2056,2062.12,12.5,0,0,0.0
4460,2062,2066.25,12.5,0,0,0.0
4464,2122,2076.5,12.8,0,0,0.0
4468,2048,2068.12,12.7,0,0,0.0
4472,2055,2068.75,12.6,0,0,0.0
4476,2079,2071.0,12.5,0,0,0.0
4480,2080,2071.12,12.5,0,0,0.0
4484,2081,2072.88,12.9,0,0,0.0
4488,2063,2073.75,12.7,0,0,0.0
4492,2007,2066.88,12.7,0,0,0.0
4496,2088,2062.62,12.8,0,0,0.0
4500,2001,2056.75,12.8,0,0,0.0
4504,2040,2054.88,12.4,0,0,0.0
4508,2005,2045.62,12.7,0,0,0.0
4512,2022,2038.38,16.9,0,0,0.0
4516,2032,2032.25,20.1,0,0,0.0
4520,2033,2028.5,12.8,0,0,0.0
4524,2042,2032.88,12.8,0,0,0.0
4528,2090,2033.12,12.9,0,0,0.0
4532,2074,2042.25,12.5,0,0,0.0
4536,2081,2047.38,12.7,0,0,0.0
4540,2153,2065.88,12.7,0,0,0.0
4544,2205,2088.75,13.0,0,0,0.0
4548,2186,2108.0,12.6,0,0,0.0
4552,2300,2141.38,12.7,0,0,0.0
4556,2367,2182.0,12.6,0,0,0.0
4560,2402,2221.0,12.5,0,0,0.0
4564,2514,2276.0,12.2,0,0,0.0
4568,2525,2331.5,12.4,0,0,0.0
4572,2581,2385.0,12.3,0,0,0.0
4576,2606,2435.12,12.2,0,0,0.0
4580,2632,2490.88,12.2,0,0,0.0
4584,2601,2528.5,12.2,0,0,0.0
4588,2576,2554.62,12.4,0,0,0.0
4592,2637,2584.0,12.4,0,0,0.0
4596,2519,2584.62,12.2,0,0,0.0
4600,2459,2576.38,19.8,0,0,0.0
4604,2361,2548.88,15.2,0,0,0.0
4608,2340,2515.62,13.2,0,0,0.0
4612,2253,2468.25,13.9,0,0,0.0
4616,2281,2428.25,12.6,0,0,0.0
4620,2207,2382.12,13.0,0,0,0.0
4624,2111,2316.38,12.6,0,0,0.0
4628,2164,2272.0,12.2,0,0,0.0
4632,2101,2227.25,12.3,0,0,0.0
4636,2045,2187.75,12.4,0,0,0.0
4640,1971,2141.62,12.5,0,0,0.0
4644,2111,2123.88,12.3,0,0,0.0
4648,2001,2088.88,12.2,0,0,0.0
4652,1997,2062.62,12.5,0,0,0.0
4656,2082,2059.0,14.3,0,0,0.0
4660,2129,2054.62,12.8,0,0,0.0
4664,2103,2054.88,12.3,0,0,0.0
4668,2083,2059.62,12.4,0,0,0.0
4672,2089,2074.38,12.4,0,0,0.0
4676,2102,2073.25,12.5,0,0,0.0
4680,2103,2086.0,12.3,0,0,0.0
4684,2093,2098.0,12.1,0,0,0.0
4688,2093,2099.38,16.4,0,0,0.0
4692,2093,2094.88,13.7,0,0,0.0
4696,2077,2091.62,13.0,0,0,0.0
4700,2096,2093.25,13.0,0,0,0.0
4704,2059,2089.5,12.4,0,0,0.0
4708,2113,2090.88,12.6,0,0,0.0
4712,2092,2089.5,12.1,0,0,0.0
4716,2094,2089.62,12.3,0,0,0.0
4720,2139,2095.38,12.6,0,0,0.0
4724,2181,2106.38,17.2,0,0,0.0
4728,2173,2118.38,12.1,0,0,0.0
4732,2104,2119.38,12.4,0,0,0.0
4736,2128,2128.0,12.5,0,0,0.0
4740,2191,2137.75,12.3,0,0,0.0
4744,2139,2143.62,12.5,0,0,0.0
4748,2167,2152.75,12.2,0,0,0.0
4752,2195,2159.75,12.2,0,0,0.0
4756,2154,2156.38,12.7,0,0,0.0
4760,2190,2158.5,12.1,0,0,0.0
4764,2150,2164.25,12.2,0,0,0.0
4768,2175,2170.12,12.2,0,0,0.0
4772,2204,2171.75,12.2,0,0,0.0
4776,2149,2173.0,12.3,0,0,0.0
4780,2210,2178.38,12.4,0,0,0.0
4784,2197,2178.62,12.0,0,0,0.0
4788,2214,2186.12,12.1,0,0,0.0
4792,2203,2187.75,12.2,0,0,0.0
4796,2235,2198.38,11.8,0,0,0.0
4800,2196,2201.0,12.1,0,0,0.0
4804,2176,2197.5,12.0,0,0,0.0
4808,2189,2202.5,12.1,0,0,0.0
4812,2198,2201.0,12.0,0,0,0.0
4816,2178,2198.62,12.4,0,0,0.0
4820,2173,2193.5,14.6,0,0,0.0
4824,2146,2186.38,12.1,0,0,0.0
4828,2141,2174.62,12.1,0,0,0.0
4832,2113,2164.25,12.1,0,0,0.0
4836,2202,2167.5,12.3,0,0,0.0
4840,2106,2157.12,12.2,0,0,0.0
4844,2117,2147.0,12.6,0,0,0.0
4848,2110,2138.5,12.4,0,0,0.0
4852,2152,2135.88,12.2,0,0,0.0
4856,2111,2131.5,12.1,0,0,0.0
4860,2151,2132.75,12.1,0,0,0.0
4864,2088,2129.62,12.1,0,0,0.0
4868,2111,2118.25,20.6,0,0,0.0
4872,2073,2114.12,12.7,0,0,0.0
4876,2157,2119.12,12.5,0,0,0.0
4880,2053,2112.0,12.4,0,0,0.0
4884,2094,2104.75,12.3,0,0,0.0
4888,2099,2103.25,12.2,0,0,0.0
4892,2089,2095.5,12.4,0,0,0.0
4896,2068,2093.0,12.3,0,0,0.0
4900,2066,2087.38,12.6,0,0,0.0
4904,2069,2086.88,12.5,0,0,0.0
4908,2060,2074.75,12.2,0,0,0.0
4912,2091,2079.5,12.6,0,0,0.0
4916,2127,2083.62,19.6,0,0,0.0
4920,2042,2076.5,12.0,0,0,0.0
4924,2016,2067.38,12.2,0,0,0.0
4928,2053,2065.5,12.3,0,0,0.0
4932,2132,2073.75,12.1,0,0,0.0
4936,2029,2068.75,12.2,0,0,0.0
4940,2102,2074.0,12.0,0,0,0.0
4944,2102,2075.38,12.1,0,0,0.0
4948,2034,2063.75,12.0,0,0,0.0
4952,2067,2066.88,12.0,0,0,0.0
4956,2099,2077.25,12.1,0,0,0.0
4960,2038,2075.38,12.3,0,0,0.0
4964,2043,2064.25,12.4,0,0,0.0
4968,2031,2064.5,12.0,0,0,0.0
4972,2018,2054.0,12.7,0,0,0.0
4976,2029,2044.88,11.8,0,0,0.0
4980,2011,2042.0,12.1,0,0,0.0
4984,2049,2039.75,12.1,0,0,0.0
4988,2025,2030.5,11.9,0,0,0.0
4992,2055,2032.62,11.9,0,0,0.0
4996,2001,2027.38,11.8,0,0,0.0
5000,2058,2030.75,12.0,0,0,0.0
5004,2073,2037.62,12.2,0,0,0.0
5008,1988,2032.5,12.3,0,0,0.0
5012,2059,2038.5,12.3,0,0,0.0
5016,2085,2043.0,12.1,0,0,0.0
5020,2012,2041.38,11.9,0,0,0.0
5024,2099,2046.88,11.7,0,0,0.0
5028,2062,2054.5,11.6,0,0,0.0
5032,2028,2050.75,11.9,0,0,0.0
5036,2048,2047.62,11.8,0,0,0.0
5040,2067,2057.5,12.0,0,0,0.0
5044,2054,2056.88,11.7,0,0,0.0
5048,2068,2054.75,12.9,0,0,0.0
5052,2026,2056.5,12.0,0,0,0.0
5056,2059,2051.5,11.7,0,0,0.0
5060,2013,2045.38,11.8,0,0,0.0
5064,2054,2048.62,11.6,0,0,0.0
5068,2032,2046.62,11.9,0,0,0.0
5072,2039,2043.12,12.1,0,0,0.0
5076,2100,2048.88,12.4,0,0,0.0
5080,2098,2052.62,12.2,0,0,0.0
5084,2086,2060.12,11.9,0,0,0.0
5088,2038,2057.5,11.5,0,0,0.0
5092,2064,2063.88,11.7,0,0,0.0
5096,2113,2071.25,11.7,0,0,0.0
5100,2085,2077.88,12.0,0,0,0.0
5104,2154,2092.25,11.7,0,0,0.0
5108,2099,2092.12,11.9,0,0,0.0
5112,2097,2092.0,11.9,0,0,0.0
5116,2086,2092.0,12.1,0,0,0.0
5120,2103,2100.12,11.9,0,0,0.0
5124,2099,2104.5,11.9,0,0,0.0
5128,2128,2106.38,11.7,0,0,0.0
5132,2139,2113.12,11.8,0,0,0.0
5136,2090,2105.12,11.7,0,0,0.0
5140,2077,2102.38,11.8,0,0,0.0
5144,2065,2098.38,11.7,0,0,0.0
5148,2137,2104.75,11.8,0,0,0.0
5152,2091,2103.25,11.7,0,0,0.0
5156,2061,2098.5,11.6,0,0,0.0
5160,2138,2099.75,11.6,0,0,0.0
5164,2202,2107.62,11.7,0,0,0.0
5168,2127,2112.25,11.5,0,0,0.0
5172,2152,2121.62,11.9,0,0,0.0
5176,2129,2129.62,11.8,0,0,0.0
5180,2122,2127.75,11.8,0,0,0.0
5184,2150,2135.12,11.8,0,0,0.0
5188,2112,2141.5,11.7,0,0,0.0
5192,2126,2140.0,12.4,0,0,0.0
5196,2125,2130.38,11.8,0,0,0.0
5200,2092,2126.0,11.6,0,0,0.0
5204,2138,2124.25,11.6,0,0,0.0
5208,2099,2120.5,11.7,0,0,0.0
5212,2078,2115.0,11.6,0,0,0.0
5216,2113,2110.38,11.7,0,0,0.0
5220,2066,2104.62,11.8,0,0,0.0
5224,2090,2100.12,11.5,0,0,0.0
5228,2085,2095.12,12.2,0,0,0.0
5232,2114,2097.88,11.8,0,0,0.0
5236,2092,2092.12,15.8,0,0,0.0
5240,2074,2089.0,12.1,0,0,0.0
5244,2096,2091.25,11.7,0,0,0.0
5248,2111,2091.0,11.6,0,0,0.0
5252,2083,2093.12,11.6,0,0,0.0
5256,2064,2089.88,11.3,0,0,0.0
5260,2022,2082.0,11.7,0,0,0.0
5264,2028,2071.25,11.7,0,0,0.0
5268,2049,2065.88,11.8,0,0,0.0
5272,2038,2061.38,11.8,0,0,0.0
5276,2049,2055.5,11.9,0,0,0.0
5280,2055,2048.5,11.8,0,0,0.0
5284,2068,2046.62,11.7,0,0,0.0
5288,2050,2044.88,12.1,0,0,0.0
5292,2065,2050.25,11.9,0,0,0.0
5296,2052,2053.25,11.9,0,0,0.0
5300,1990,2045.88,11.5,0,0,0.0
5304,2021,2043.75,11.8,0,0,0.0
5308,2044,2043.12,11.9,0,0,0.0
5312,2011,2037.62,11.8,0,0,0.0
5316,2064,2037.12,11.9,0,0,0.0
5320,2091,2042.25,11.9,0,0,0.0
5324,2079,2044.0,11.7,0,0,0.0
5328,2033,2041.62,11.5,0,0,0.0
5332,2081,2053.0,11.7,0,0,0.0
5336,2037,2055.0,11.9,0,0,0.0
5340,2018,2051.75,12.0,0,0,0.0
5344,2006,2051.12,11.8,0,0,0.0
5348,2014,2044.88,11.5,0,0,0.0
5352,2011,2034.88,12.0,0,0,0.0
5356,2032,2029.0,11.8,0,0,0.0
5360,2042,2030.12,11.7,0,0,0.0
5364,2053,2026.62,11.6,0,0,0.0
5368,2091,2033.38,11.8,0,0,0.0
5372,2147,2049.5,11.6,0,0,0.0
5376,2182,2071.5,11.9,0,0,0.0
5380,2160,2089.75,11.9,0,0,0.0
5384,2185,2111.5,11.9,0,0,0.0
5388,2352,2151.5,11.7,0,0,0.0
5392,2348,2189.75,11.6,0,0,0.0
5396,2446,2238.88,11.7,0,0,0.0
5400,2477,2287.12,11.5,0,0,0.0
5404,2508,2332.25,11.8,0,0,0.0
5408,2618,2386.75,11.7,0,0,0.0
5412,2649,2447.88,11.8,0,0,0.0
5416,2618,2502.0,11.7,0,0,0.0
5420,2549,2526.62,11.9,0,0,0.0
5424,2585,2556.25,15.8,0,0,0.0
5428,2573,2572.12,12.7,0,0,0.0
5432,2464,2570.5,16.4,0,0,0.0
5436,2452,2563.5,11.5,0,0,0.0
5440,2381,2533.88,11.6,0,0,0.0
5444,2332,2494.25,12.1,0,0,0.0
5448,2255,2448.88,11.9,0,0,0.0
5452,2165,2400.88,11.7,0,0,0.0
5456,2182,2350.5,11.5,0,0,0.0
5460,2102,2291.62,12.0,0,0,0.0
5464,2078,2243.38,11.5,0,0,0.0
5468,2031,2190.75,11.7,0,0,0.0
5472,2035,2147.5,11.6,0,0,0.0
5476,2016,2108.0,11.6,0,0,0.0
5480,2037,2080.75,11.8,0,0,0.0
5484,2096,2072.12,11.5,0,0,0.0
5488,2008,2050.38,11.6,0,0,0.0
5492,2006,2038.38,11.8,0,0,0.0
5496,2104,2041.62,11.7,0,0,0.0
5500,2059,2045.12,11.7,0,0,0.0
5504,2050,2047.0,11.8,0,0,0.0
5508,2106,2058.25,11.6,0,0,0.0
5512,2061,2061.25,11.5,0,0,0.0
5516,2138,2066.5,11.8,0,0,0.0
5520,2108,2079.0,11.7,0,0,0.0
5524,2078,2088.0,12.0,0,0,0.0
5528,2162,2095.25,11.7,0,0,0.0
5532,2085,2098.5,11.7,0,0,0.0
5536,2130,2108.5,11.6,0,0,0.0
5540,2123,2110.62,11.9,0,0,0.0
5544,2159,2122.88,11.6,0,0,0.0
5548,2172,2127.12,11.8,0,0,0.0
5552,2132,2130.12,12.0,0,0,0.0
5556,2115,2134.75,12.1,0,0,0.0
5560,2157,2134.12,11.9,0,0,0.0
5564,2129,2139.62,11.9,0,0,0.0
5568,2216,2150.38,11.8,0,0,0.0
5572,2165,2155.62,11.8,0,0,0.0
5576,2156,2155.25,11.8,0,0,0.0
5580,2177,2155.88,11.8,0,0,0.0
5584,2136,2156.38,11.7,0,0,0.0
5588,2152,2161.0,12.2,0,0,0.0
5592,2221,2169.0,11.9,0,0,0.0
5596,2169,2174.0,11.8,0,0,0.0
5600,2160,2167.0,11.8,0,0,0.0
5604,2210,2172.62,11.8,0,0,0.0
5608,2232,2182.12,11.6,0,0,0.0
5612,2219,2187.38,14.9,0,0,0.0
5616,2227,2198.75,12.4,0,0,0.0
5620,2175,2201.62,13.4,0,0,0.0
5624,2154,2193.25,12.1,0,0,0.0
5628,2240,2202.12,11.8,0,0,0.0
5632,2183,2205.0,12.0,0,0,0.0
5636,2182,2201.5,12.5,0,0,0.0
5640,2226,2200.75,11.7,0,0,0.0
5644,2199,2198.25,11.6,0,0,0.0
5648,2192,2193.88,11.8,0,0,0.0
5652,2239,2201.88,11.8,0,0,0.0
5656,2149,2201.25,12.0,0,0,0.0
5660,2191,2195.12,11.7,0,0,0.0
5664,2159,2192.12,11.8,0,0,0.0
5668,2160,2189.38,11.6,0,0,0.0
5672,2191,2185.0,11.8,0,0,0.0
5676,2155,2179.5,11.7,0,0,0.0
5680,2150,2174.25,11.7,0,0,0.0
5684,2160,2164.38,12.2,0,0,0.0
5688,2111,2159.62,12.5,0,0,0.0
5692,2091,2147.12,12.3,0,0,0.0
5696,2079,2137.12,11.8,0,0,0.0
5700,2046,2122.88,11.8,0,0,0.0
5704,2161,2119.12,11.6,0,0,0.0
5708,2061,2107.38,11.8,0,0,0.0
5712,2083,2099.0,12.1,0,0,0.0
5716,2077,2088.62,11.9,0,0,0.0
5720,2091,2086.12,12.0,0,0,0.0
5724,2102,2087.5,11.7,0,0,0.0
5728,2100,2090.12,11.9,0,0,0.0
5732,2054,2091.12,11.9,0,0,0.0
5736,2063,2078.88,11.8,0,0,0.0
5740,2074,2080.5,11.8,0,0,0.0
5744,2056,2077.12,11.8,0,0,0.0
5748,2109,2081.12,11.8,0,0,0.0
5752,2074,2079.0,11.6,0,0,0.0
5756,2080,2076.25,11.8,0,0,0.0
5760,2076,2073.25,11.9,0,0,0.0
5764,2090,2077.75,12.1,0,0,0.0
5768,2059,2077.25,12.1,0,0,0.0
5772,2014,2069.75,12.0,0,0,0.0
5776,2064,2070.75,12.0,0,0,0.0
5780,2032,2061.12,11.9,0,0,0.0
5784,2035,2056.25,11.6,0,0,0.0
5788,2068,2054.75,12.0,0,0,0.0
5792,2087,2056.12,12.1,0,0,0.0
5796,2050,2051.12,12.0,0,0,0.0
5800,2058,2051.0,15.4,0,0,0.0
5804,2100,2061.75,15.7,0,0,0.0
5808,2056,2060.75,31.9,0,0,0.0
5812,2126,2072.5,16.2,0,0,0.0
5816,2065,2076.25,21.7,0,0,0.0
5820,1995,2067.12,12.6,0,0,0.0
5824,2070,2065.0,12.0,0,0,0.0
5828,2059,2066.12,12.0,0,0,0.0
5832,2086,2069.62,12.4,0,0,0.0
5836,2068,2065.62,11.8,0,0,0.0
5840,2044,2064.12,12.6,0,0,0.0
5844,2011,2049.75,12.0,0,0,0.0
5848,2042,2046.88,11.9,0,0,0.0
5852,2023,2050.38,12.0,0,0,0.0
5856,2031,2045.5,12.0,0,0,0.0
5860,2067,2046.5,11.8,0,0,0.0
5864,2100,2048.25,11.6,0,0,0.0
5868,2062,2047.5,11.9,0,0,0.0
5872,2015,2043.88,11.8,0,0,0.0
5876,2065,2050.62,11.7,0,0,0.0
5880,2088,2056.38,11.7,0,0,0.0
5884,2035,2057.88,12.2,0,0,0.0
5888,2050,2060.25,12.9,0,0,0.0
5892,2056,2058.88,12.7,0,0,0.0
5896,2033,2050.5,14.1,0,0,0.0
5900,2078,2052.5,12.4,0,0,0.0
5904,2057,2057.75,12.7,0,0,0.0
5908,2075,2059.0,12.6,0,0,0.0
5912,2038,2052.75,12.8,0,0,0.0
5916,2054,2055.12,13.3,0,0,0.0
5920,2091,2060.25,12.1,0,0,0.0
5924,2062,2061.0,12.5,0,0,0.0
5928,2128,2072.88,11.9,0,0,0.0
5932,2067,2071.5,12.0,0,0,0.0
5936,2090,2075.62,12.2,0,0,0.0
5940,2114,2080.5,12.2,0,0,0.0
5944,2048,2081.75,12.7,0,0,0.0
5948,2041,2080.12,12.6,0,0,0.0
5952,2052,2075.25,12.1,0,0,0.0
5956,2140,2085.0,12.3,0,0,0.0
5960,2089,2080.12,12.2,0,0,0.0
5964,2186,2095.0,12.4,0,0,0.0
5968,2096,2095.75,12.3,0,0,0.0
5972,2121,2096.62,15.6,0,0,0.0
5976,2165,2111.25,12.0,0,0,0.0
5980,2182,2128.88,12.4,0,0,0.0
5984,2185,2145.5,12.0,0,0,0.0
5988,2161,2148.12,12.4,0,0,0.0
5992,2157,2156.62,12.1,0,0,0.0
5996,2145,2151.5,12.1,0,0,0.0
6000,2183,2162.38,11.8,0,0,0.0
6004,2241,2177.38,12.2,0,0,0.0
6008,2211,2183.12,12.0,0,0,0.0
6012,2143,2178.25,12.0,0,0,0.0
6016,2252,2186.62,12.1,0,0,0.0
6020,2251,2197.88,11.8,0,0,0.0
6024,2351,2222.12,14.7,0,0,0.0
6028,2301,2241.62,11.6,0,0,0.0
6032,2204,2244.25,11.6,0,0,0.0
6036,2380,2261.62,12.0,0,0,0.0
6040,2345,2278.38,11.8,0,0,0.0
6044,2310,2299.25,11.5,0,0,0.0
6048,2265,2300.88,12.0,0,0,0.0
6052,2225,2297.62,11.7,0,0,0.0
6056,2265,2286.88,11.7,0,0,0.0
6060,2357,2293.88,11.6,0,0,0.0
6064,2409,2319.5,11.9,0,0,0.0
6068,2394,2321.25,11.8,0,0,0.0
6072,2277,2312.75,12.2,0,0,0.0
6076,2244,2304.5,12.1,0,0,0.0
6080,2325,2312.0,11.8,0,0,0.0
6084,2216,2310.88,11.9,0,0,0.0
6088,2346,2321.0,11.9,0,0,0.0
6092,2323,2316.75,11.9,0,0,0.0
6096,2309,2304.25,11.7,0,0,0.0
6100,2245,2285.62,11.7,0,0,0.0
6104,2376,2298.0,11.7,0,0,0.0
6108,2316,2307.0,11.6,0,0,0.0
6112,2281,2301.5,11.6,0,0,0.0
6116,2182,2297.25,11.5,0,0,0.0
6120,2354,2298.25,11.7,0,0,0.0
6124,2463,2315.75,11.8,0,0,0.0
6128,2457,2334.25,11.7,0,0,0.0
6132,2330,2344.88,11.9,0,0,0.0
6136,2321,2338.0,11.8,0,0,0.0
6140,2384,2346.5,12.0,0,0,0.0
6144,2294,2348.12,11.6,0,0,0.0
6148,2369,2371.5,12.0,0,0,0.0
6152,2394,2376.5,12.0,0,0,0.0
6156,2419,2371.0,11.7,0,0,0.0
6160,2335,2355.75,15.2,0,0,0.0
6164,2325,2355.12,12.0,0,0,0.0
6168,2280,2350.0,12.5,0,0,0.0
6172,2278,2336.75,11.8,0,0,0.0
6176,2310,2338.75,11.9,0,0,0.0
6180,2341,2335.25,11.7,0,0,0.0
6184,2369,2332.12,11.7,0,0,0.0
6188,2261,2312.38,11.8,0,0,0.0
6192,2394,2319.75,11.9,0,0,0.0
6196,2284,2314.62,11.7,0,0,0.0
6200,2295,2316.5,12.6,0,0,0.0
6204,2248,2312.75,11.8,0,0,0.0
6208,2144,2292.0,11.7,0,0,0.0
6212,2339,2291.75,11.8,0,0,0.0
6216,2327,2286.5,11.9,0,0,0.0
6220,2263,2286.75,11.6,0,0,0.0
6224,2282,2272.75,11.7,0,0,0.0
6228,2307,2275.62,12.0,0,0,0.0
6232,2180,2261.25,11.7,0,0,0.0
6236,2241,2260.38,11.8,0,0,0.0
6240,2319,2282.25,11.8,0,0,0.0
6244,2195,2264.25,11.7,0,0,0.0
6248,2286,2259.12,12.0,0,0,0.0
6252,2187,2249.62,12.6,0,0,0.0
6256,2295,2251.25,11.8,0,0,0.0
6260,2265,2246.0,11.8,0,0,0.0
6264,2169,2244.62,11.8,0,0,0.0
6268,2335,2256.38,11.7,0,0,0.0
6272,2221,2244.12,11.7,0,0,0.0
6276,2215,2246.62,11.7,0,0,0.0
6280,2274,2245.12,11.5,0,0,0.0
6284,2329,2262.88,11.4,0,0,0.0
6288,2196,2250.5,11.8,0,0,0.0
6292,2257,2249.5,11.7,0,0,0.0
6296,2275,2262.75,19.7,0,0,0.0
6300,2286,2256.62,11.5,0,0,0.0
6304,2250,2260.25,11.5,0,0,0.0
6308,2214,2260.12,11.6,0,0,0.0
6312,2185,2249.0,11.3,0,0,0.0
6316,2243,2238.25,11.6,0,0,0.0
6320,2183,2236.62,11.5,0,0,0.0
6324,2090,2215.75,11.2,0,0,0.0
6328,2319,2221.25,11.2,0,0,0.0
6332,2385,2233.62,11.5,0,0,0.0
6336,2239,2232.25,11.5,0,0,0.0
6340,2381,2253.12,11.7,0,0,0.0
6344,2549,2298.62,11.4,0,0,0.0
6348,2713,2357.38,11.7,0,0,0.0
6352,2673,2418.62,12.2,0,0,0.0
6356,2711,2496.25,11.7,0,0,0.0
6360,2822,2559.12,13.1,0,0,0.0
6364,2986,2634.25,12.7,0,0,0.0
6368,2921,2719.5,12.1,1,1,1.5
6372,2952,2790.88,11.9,1,1,0.0
6376,2990,2846.0,12.2,1,1,0.0
6380,2960,2876.88,12.2,1,1,0.0
6384,3002,2918.0,11.7,1,1,0.0
6388,3048,2960.12,11.7,1,1,0.0
6392,2909,2971.0,11.8,1,1,0.0
6396,2800,2947.75,12.0,1,1,0.0
6400,2716,2922.12,11.3,1,1,0.0
6404,2554,2872.38,11.8,1,1,0.0
6408,2618,2825.88,12.3,1,1,0.0
6412,2484,2766.38,12.2,1,1,0.0
6416,2412,2692.62,12.1,1,1,0.0
6420,2560,2631.62,16.0,1,1,0.0
6424,2345,2561.12,12.2,1,1,0.0
6428,2253,2492.75,12.4,1,1,0.0
6432,2254,2435.0,11.5,1,1,0.0
6436,2339,2408.12,12.1,1,1,0.0
6440,2275,2365.25,12.3,1,1,0.0
6444,2184,2327.75,11.7,1,1,0.0
6448,2330,2317.5,11.4,1,1,0.0
6452,2242,2277.75,11.6,1,1,0.0
6456,2401,2284.75,12.8,1,1,0.0
6460,2360,2298.12,12.0,1,1,0.0
6464,2275,2300.75,13.4,1,1,0.0
6468,2385,2306.5,12.3,1,1,0.0
6472,2319,2312.0,12.1,1,1,0.0
6476,2372,2335.5,11.9,1,1,0.0
6480,2356,2338.75,12.1,1,1,0.0
6484,2282,2343.75,12.7,1,1,0.0
6488,2301,2331.25,12.6,1,1,0.0
6492,2408,2337.25,11.6,1,1,0.0
6496,2333,2344.5,12.0,1,1,0.0
6500,2336,2338.38,12.2,1,1,0.0
6504,2310,2337.25,11.9,1,1,0.0
6508,2401,2340.88,12.9,1,1,0.0
6512,2507,2359.75,17.0,1,1,0.0
6516,2327,2365.38,12.1,1,1,0.0
6520,2401,2377.88,12.1,1,1,0.0
6524,2492,2388.38,12.3,1,1,0.0
6528,2410,2398.0,11.9,1,1,0.0
6532,2450,2412.25,14.5,1,1,0.0
6536,2366,2419.25,13.3,1,1,0.0
6540,2463,2427.0,12.1,1,1,0.0
6544,2433,2417.75,12.6,1,1,0.0
6548,2509,2440.5,11.9,1,1,0.0
6552,2527,2456.25,12.6,1,1,0.0
6556,2616,2471.75,11.7,1,1,0.0
6560,2500,2483.0,11.7,1,1,0.0
6564,2488,2487.75,12.2,1,1,0.0
6568,2483,2502.38,12.1,1,1,0.0
6572,2452,2501.0,12.2,1,1,0.0
6576,2495,2508.75,12.2,1,1,0.0
6580,2457,2502.25,11.7,1,1,0.0
6584,2484,2496.88,11.8,1,1,0.0
6588,2552,2488.88,11.7,1,1,0.0
6592,2410,2477.62,11.6,1,1,0.0
6596,2536,2483.62,12.0,1,1,0.0
6600,2543,2491.12,12.0,1,1,0.0
6604,2452,2491.12,12.4,1,1,0.0
6608,2327,2470.12,11.9,1,1,0.0
6612,2412,2464.5,12.0,1,1,0.0
6616,2520,2469.0,12.4,1,1,0.0
6620,2435,2454.38,12.0,1,1,0.0
6624,2369,2449.25,12.0,1,1,0.0
6628,2392,2431.25,11.9,1,1,0.0
6632,2465,2421.5,11.5,1,1,0.0
6636,2440,2420.0,12.1,1,1,0.0
6640,2385,2427.25,12.0,1,1,0.0
6644,2370,2422.0,12.2,1,1,0.0
6648,2361,2402.12,11.8,1,1,0.0
6652,2322,2388.0,12.1,1,1,0.0
6656,2467,2400.25,12.2,1,1,0.0
6660,2344,2394.25,12.8,1,1,0.0
6664,2430,2389.88,12.1,1,1,0.0
6668,2442,2390.12,16.1,1,1,0.0
6672,2405,2392.62,12.3,1,1,0.0
6676,2314,2385.62,12.0,1,1,0.0
6680,2359,2385.38,11.8,1,1,0.0
6684,2328,2386.12,12.1,1,1,0.0
6688,2271,2361.62,11.8,1,1,0.0
6692,2341,2361.25,11.9,1,1,0.0
6696,2247,2338.38,12.3,1,1,0.0
6700,2386,2331.38,12.2,1,1,0.0
6704,2284,2316.25,12.0,1,1,0.0
6708,2321,2317.12,12.3,1,1,0.0
6712,2324,2312.75,11.7,1,1,0.0
6716,2289,2307.88,13.4,1,1,0.0
6720,2338,2316.25,11.9,1,1,0.0
6724,2273,2307.75,11.9,1,1,0.0
6728,2352,2320.88,11.9,1,1,0.0
6732,2218,2299.88,12.2,1,1,0.0
6736,2306,2302.62,12.5,1,1,0.0
6740,2414,2314.25,11.9,1,1,0.0
6744,2237,2303.38,11.9,1,1,0.0
6748,2256,2299.25,12.0,1,1,0.0
6752,2327,2297.88,12.0,1,1,0.0
6756,2306,2302.0,11.9,1,1,0.0
6760,2315,2297.38,12.1,1,1,0.0
6764,2323,2310.5,12.4,1,1,0.0
6768,2332,2313.75,12.0,1,1,0.0
6772,2361,2307.12,12.4,1,1,0.0
6776,2320,2317.5,12.3,1,1,0.0
6780,2281,2320.62,11.8,1,1,0.0
6784,2336,2321.75,12.5,1,1,0.0
6788,2411,2334.88,12.0,1,1,0.0
6792,2289,2331.62,12.0,1,1,0.0
6796,2239,2321.12,11.9,1,1,0.0
6800,2365,2325.25,11.9,1,1,0.0
6804,2292,2316.62,12.1,1,1,0.0
6808,2170,2297.88,12.2,1,1,0.0
6812,2352,2306.75,12.9,1,1,0.0
6816,2271,2298.62,11.9,1,1,0.0
6820,2299,2284.62,11.7,1,1,0.0
6824,2325,2289.12,12.1,1,1,0.0
6828,2319,2299.12,12.0,1,1,0.0
6832,2352,2297.5,11.8,1,1,0.0
6836,2285,2296.62,12.0,1,1,0.0
6840,2344,2318.38,11.9,1,1,0.0
6844,2300,2311.88,12.0,1,1,0.0
6848,2362,2323.25,11.7,1,1,0.0
6852,2357,2330.5,11.8,1,1,0.0
6856,2267,2323.25,11.5,1,1,0.0
6860,2391,2332.25,12.3,1,1,0.0
6864,2297,2325.38,12.3,1,1,0.0
6868,2381,2337.38,11.9,1,1,0.0
6872,2357,2339.0,11.9,1,1,0.0
6876,2449,2357.62,12.0,1,1,0.0
6880,2328,2353.38,11.7,1,1,0.0
6884,2324,2349.25,12.2,1,1,0.0
6888,2346,2359.12,12.2,1,1,0.0
6892,2332,2351.75,11.8,1,1,0.0
6896,2401,2364.75,12.0,1,1,0.0
6900,2258,2349.38,16.7,1,1,0.0
6904,2294,2341.5,12.7,1,1,0.0
6908,2295,2322.25,11.9,1,1,0.0
6912,2418,2333.5,11.7,1,1,0.0
6916,2464,2351.0,11.8,1,1,0.0
6920,2356,2352.25,11.9,1,1,0.0
6924,2353,2354.88,11.9,1,1,0.0
6928,2367,2350.62,11.7,1,1,0.0
6932,2432,2372.38,11.8,1,1,0.0
6936,2306,2373.88,11.9,1,1,0.0
6940,2374,2383.75,12.0,1,1,0.0
6944,2417,2383.62,11.7,1,1,0.0
6948,2387,2374.0,12.0,1,1,0.0
6952,2366,2375.25,11.9,1,1,0.0
6956,2413,2382.75,12.0,1,1,0.0
6960,2188,2360.38,12.0,1,1,0.0
6964,2388,2354.88,11.7,1,1,0.0
6968,2306,2354.88,11.6,1,1,0.0
6972,2232,2337.12,11.6,1,1,0.0
6976,2370,2331.25,11.8,1,1,0.0
6980,2419,2335.25,12.0,1,1,0.0
6984,2326,2330.25,11.9,1,1,0.0
6988,2389,2327.25,11.9,1,1,0.0
6992,2426,2357.0,12.0,1,1,0.0
6996,2406,2359.25,12.0,1,1,0.0
7000,2423,2373.88,12.0,1,1,0.0
7004,2367,2390.75,11.9,1,1,0.0
7008,2325,2385.12,12.1,1,1,0.0
7012,2223,2360.62,11.6,1,1,0.0
7016,2303,2357.75,12.0,1,1,0.0
7020,2266,2342.38,12.1,1,1,0.0
7024,2446,2344.88,11.8,1,1,0.0
7028,2304,2332.12,11.7,1,1,0.0
7032,2321,2319.38,12.1,1,1,0.0
7036,2346,2316.75,12.1,1,1,0.0
7040,2315,2315.5,12.0,1,1,0.0
7044,2413,2339.25,19.4,1,1,0.0
7048,2274,2335.62,11.9,1,1,0.0
7052,2323,2342.75,11.9,1,1,0.0
7056,2266,2320.25,11.7,1,1,0.0
7060,2231,2311.12,11.8,1,1,0.0
7064,2273,2305.12,11.9,1,1,0.0
7068,2307,2300.25,11.6,1,1,0.0
7072,2283,2296.25,12.0,1,1,0.0
7076,2266,2277.88,11.9,1,1,0.0
7080,2222,2271.38,11.7,1,1,0.0
7084,2300,2268.5,15.4,1,1,0.0
7088,2212,2261.75,12.1,1,1,0.0
7092,2345,2276.0,17.2,0,0,0.0
7096,2302,2279.62,11.8,0,0,0.0
7100,2207,2267.12,11.7,0,0,0.0
7104,2274,2266.0,11.6,0,0,0.0
7108,2248,2263.75,11.9,0,0,0.0
7112,2315,2275.38,11.7,0,0,0.0
7116,2384,2285.88,11.9,0,0,0.0
7120,2203,2284.75,11.9,0,0,0.0
7124,2341,2284.25,11.9,0,0,0.0
7128,2349,2290.12,11.6,0,0,0.0
7132,2430,2318.0,11.8,0,0,0.0
7136,2441,2338.88,12.4,0,0,0.0
7140,2426,2361.12,11.7,0,0,0.0
7144,2499,2384.12,11.8,0,0,0.0
7148,2519,2401.0,16.7,0,0,0.0
7152,2680,2460.62,11.7,0,0,0.0
7156,2662,2500.75,11.6,0,0,0.0
7160,2814,2558.88,11.4,0,0,0.0
7164,2726,2595.88,11.9,0,0,0.0
7168,2707,2629.12,11.8,0,0,0.0
7172,2667,2659.25,11.9,0,0,0.0
7176,2644,2677.38,12.1,0,0,0.0
7180,2639,2692.38,11.9,0,0,0.0
7184,2721,2697.5,11.7,0,0,0.0
7188,2697,2701.88,11.7,0,0,0.0
7192,2526,2665.88,12.1,1,1,1.5
7196,2625,2653.25,11.7,1,1,0.0
7200,2492,2626.38,11.7,1,1,0.0
7204,2482,2603.25,11.8,1,1,0.0
7208,2527,2588.62,11.8,1,1,0.0
7212,2447,2564.62,11.8,1,1,0.0
7216,2348,2518.0,11.7,1,1,0.0
7220,2288,2466.88,11.8,1,1,0.0
7224,2198,2425.88,11.8,1,1,0.0
7228,2275,2382.12,11.6,1,1,0.0
7232,2301,2358.25,11.6,1,1,0.0
7236,2254,2329.75,11.7,1,1,0.0
7240,2308,2302.38,11.7,1,1,0.0
7244,2324,2287.0,11.4,1,1,0.0
7248,2310,2282.25,11.7,1,1,0.0
7252,2288,2282.25,11.7,1,1,0.0
7256,2341,2300.12,11.5,1,1,0.0
7260,2362,2311.0,11.5,1,1,0.0
7264,2273,2307.5,11.8,1,1,0.0
7268,2427,2329.12,11.6,1,1,0.0
7272,2340,2333.12,15.2,1,1,0.0
7276,2351,2336.5,12.6,1,1,0.0
7280,2396,2347.25,11.5,1,1,0.0
7284,2371,2357.62,11.7,1,1,0.0
7288,2419,2367.38,11.6,1,1,0.0
7292,2383,2370.0,11.7,1,1,0.0
7296,2333,2377.5,11.6,1,1,0.0
7300,2396,2373.62,12.0,1,1,0.0
7304,2310,2369.88,11.7,1,1,0.0
7308,2390,2374.75,11.7,1,1,0.0
7312,2386,2373.5,11.6,1,1,0.0
7316,2381,2374.75,11.6,1,1,0.0
7320,2390,2371.12,11.8,1,1,0.0
7324,2290,2359.5,11.5,1,1,0.0
7328,2374,2364.62,11.7,1,1,0.0
7332,2417,2367.25,11.6,1,1,0.0
7336,2425,2381.62,15.7,1,1,0.0
7340,2358,2377.62,11.6,1,1,0.0
7344,2499,2391.75,14.6,1,1,0.0
7348,2374,2390.88,11.6,1,1,0.0
7352,2487,2403.0,11.6,1,1,0.0
7356,2457,2423.88,11.8,1,1,0.0
7360,2395,2426.5,11.8,1,1,0.0
7364,2541,2442.0,12.0,1,1,0.0
7368,2364,2434.38,11.8,1,1,0.0
7372,2492,2451.12,11.7,1,1,0.0
7376,2497,2450.88,11.7,1,1,0.0
7380,2396,2453.62,11.8,1,1,0.0
7384,2519,2457.62,11.5,1,1,0.0
7388,2419,2452.88,11.4,1,1,0.0
7392,2449,2459.62,11.8,1,1,0.0
7396,2445,2447.62,11.6,1,1,0.0
7400,2419,2454.5,11.6,1,1,0.0
7404,2472,2452.0,11.8,1,1,0.0
7408,2468,2448.38,11.7,1,1,0.0
7412,2312,2437.88,11.9,1,1,0.0
7416,2491,2434.38,11.9,1,1,0.0
7420,2309,2420.62,11.7,1,1,0.0
7424,2466,2422.75,11.7,1,1,0.0
7428,2468,2425.62,11.7,1,1,0.0
7432,2330,2414.5,12.0,1,1,0.0
7436,2366,2401.25,11.6,1,1,0.0
7440,2320,2382.75,11.5,1,1,0.0
7444,2370,2390.0,11.7,1,1,0.0
7448,2360,2373.62,14.5,1,1,0.0
7452,2421,2387.62,11.5,1,1,0.0
7456,2449,2385.5,11.4,1,1,0.0
7460,2450,2383.25,11.4,1,1,0.0
7464,2329,2383.12,17.2,1,1,0.0
7468,2347,2380.75,12.8,1,1,0.0
7472,2255,2372.62,11.7,1,1,0.0
7476,2305,2364.5,11.4,1,1,0.0
7480,2409,2370.62,12.5,1,1,0.0
7484,2445,2373.62,11.8,1,1,0.0
7488,2272,2351.5,11.7,1,1,0.0
7492,2308,2333.75,15.9,1,1,0.0
7496,2340,2335.12,11.8,1,1,0.0
7500,2357,2336.38,11.7,1,1,0.0
7504,2290,2340.75,11.9,1,1,0.0
7508,2363,2348.0,11.7,1,1,0.0
7512,2308,2335.38,11.8,1,1,0.0
7516,2335,2321.62,11.7,1,1,0.0
7520,2368,2333.62,11.8,1,1,0.0
7524,2334,2336.88,11.6,1,1,0.0
7528,2307,2332.75,11.9,1,1,0.0
7532,2326,2328.88,11.6,1,1,0.0
7536,2327,2333.5,11.7,1,1,0.0
7540,2310,2326.88,11.6,1,1,0.0
7544,2316,2327.88,11.7,1,1,0.0
7548,2428,2339.5,11.8,1,1,0.0
7552,2365,2339.12,11.7,1,1,0.0
7556,2314,2336.62,12.1,1,1,0.0
7560,2373,2344.88,11.8,1,1,0.0
7564,2311,2343.0,11.9,1,1,0.0
7568,2402,2352.38,11.8,1,1,0.0
7572,2354,2357.88,11.6,1,1,0.0
7576,2325,2359.0,11.8,1,1,0.0
7580,2358,2350.25,11.6,1,1,0.0
7584,2237,2334.25,11.6,1,1,0.0
7588,2264,2328.0,11.7,1,1,0.0
7592,2275,2315.75,11.7,1,1,0.0
7596,2357,2321.5,11.5,1,1,0.0
7600,2455,2328.12,11.8,1,1,0.0
7604,2488,2344.88,11.9,1,1,0.0
7608,2395,2353.62,11.6,1,1,0.0
7612,2390,2357.62,11.5,1,1,0.0
7616,2255,2359.88,11.8,1,1,0.0
7620,2334,2368.62,11.7,1,1,0.0
7624,2323,2374.62,11.7,1,1,0.0
7628,2337,2372.12,11.7,1,1,0.0
7632,2368,2361.25,11.9,1,1,0.0
7636,2353,2344.38,11.5,1,1,0.0
7640,2267,2328.38,12.1,1,1,0.0
7644,2434,2333.88,11.5,1,1,0.0
7648,2328,2343.0,15.6,1,1,0.0
7652,2410,2352.5,11.8,1,1,0.0
7656,2523,2377.5,11.5,1,1,0.0
7660,2346,2378.62,11.4,1,1,0.0
7664,2252,2364.12,11.8,1,1,0.0
7668,2389,2368.62,11.6,1,1,0.0
7672,2473,2394.38,11.7,1,1,0.0
7676,2526,2405.88,11.9,1,1,0.0
7680,2335,2406.75,11.7,1,1,0.0
7684,2439,2410.38,12.3,1,1,0.0
7688,2381,2392.62,11.6,1,1,0.0
7692,2402,2399.62,11.4,1,1,0.0
7696,2566,2438.88,11.8,1,1,0.0
7700,2315,2429.62,11.8,1,1,0.0
7704,2419,2422.88,11.6,1,1,0.0
7708,2429,2410.75,12.2,1,1,0.0
7712,2463,2426.75,11.8,1,1,0.0
7716,2401,2422.0,11.8,1,1,0.0
7720,2411,2425.75,12.0,1,1,0.0
7724,2365,2421.12,12.2,1,1,0.0
7728,2401,2400.5,11.7,1,1,0.0
7732,2361,2406.25,11.6,1,1,0.0
7736,2416,2405.88,12.0,1,1,0.0
7740,2353,2396.38,11.7,1,1,0.0
7744,2394,2387.75,11.6,1,1,0.0
7748,2366,2383.38,11.9,1,1,0.0
7752,2433,2386.12,11.7,1,1,0.0
7756,2359,2385.38,11.5,1,1,0.0
7760,2253,2366.88,11.7,1,1,0.0
7764,2432,2375.75,11.8,1,1,0.0
7768,2300,2361.25,11.5,1,1,0.0
7772,2313,2356.25,11.8,1,1,0.0
7776,2315,2346.38,11.6,1,1,0.0
7780,2431,2354.5,11.6,1,1,0.0
7784,2219,2327.75,11.8,1,1,0.0
7788,2534,2349.62,11.8,1,1,0.0
7792,2408,2369.0,11.6,1,1,0.0
7796,2357,2359.62,11.7,1,1,0.0
7800,2339,2364.5,11.6,1,1,0.0
7804,2359,2370.25,11.8,1,1,0.0
7808,2373,2377.5,11.6,1,1,0.0
7812,2380,2371.12,11.6,1,1,0.0
7816,2374,2390.5,11.7,1,1,0.0
7820,2345,2366.88,11.6,1,1,0.0
7824,2327,2356.75,11.7,1,1,0.0
7828,2329,2353.25,11.5,1,1,0.0
7832,2326,2351.62,11.7,1,1,0.0
7836,2404,2357.25,11.7,1,1,0.0
7840,2370,2356.88,12.5,1,1,0.0
7844,2155,2328.75,18.9,1,1,0.0
7848,2368,2328.0,11.8,1,1,0.0
7852,2337,2327.0,11.8,1,1,0.0
7856,2320,2326.12,11.7,1,1,0.0
7860,2295,2321.88,11.7,1,1,0.0
7864,2384,2329.12,11.6,1,1,0.0
7868,2374,2325.38,11.5,1,1,0.0
7872,2275,2313.5,11.6,1,1,0.0
7876,2355,2338.5,11.7,1,1,0.0
7880,2288,2328.5,11.5,1,1,0.0
7884,2287,2322.25,11.7,1,1,0.0
7888,2364,2327.75,12.0,1,1,0.0
7892,2493,2352.5,11.7,1,1,0.0
7896,2547,2372.88,11.8,1,1,0.0
7900,2574,2397.88,11.5,1,1,0.0
7904,2646,2444.25,11.5,1,1,0.0
7908,2694,2486.62,11.7,1,1,0.0
7912,2684,2536.12,11.6,1,1,0.0
7916,2803,2600.62,11.6,1,1,0.0
7920,2872,2664.12,11.5,1,1,0.0
7924,2905,2715.62,11.7,1,1,0.0
7928,2954,2766.5,11.6,1,1,0.0
7932,2932,2811.25,11.8,1,1,0.0
7936,2902,2843.25,11.6,1,1,0.0
7940,2921,2871.62,12.2,1,1,0.0
7944,2817,2888.25,11.9,1,1,0.0
7948,2716,2877.38,12.1,1,1,0.0
7952,2702,2856.12,11.8,1,1,0.0
7956,2605,2818.62,11.7,1,1,0.0
7960,2547,2767.75,11.9,1,1,0.0
7964,2520,2716.25,12.0,1,1,0.0
7968,2429,2657.12,12.1,1,1,0.0
7972,2413,2593.62,12.0,1,1,0.0
7976,2283,2526.88,11.9,1,1,0.0
7980,2383,2485.25,12.0,1,1,0.0
7984,2353,2441.62,11.9,1,1,0.0
7988,2293,2402.62,12.0,1,1,0.0
7992,2378,2381.5,11.9,1,1,0.0
7996,2394,2365.75,11.9,1,1,0.0
8000,2244,2342.62,11.9,1,1,0.0
8004,2299,2328.38,12.1,1,1,0.0
8008,2303,2330.88,12.0,1,1,0.0
8012,2298,2320.25,12.3,1,1,0.0
8016,2409,2327.25,11.9,1,1,0.0
8020,2352,2334.62,12.0,1,1,0.0
8024,2353,2331.5,12.0,1,1,0.0
8028,2252,2313.75,15.9,1,1,0.0
8032,2415,2335.12,12.1,1,1,0.0
8036,2307,2336.12,11.9,1,1,0.0
8040,2389,2346.88,12.3,1,1,0.0
8044,2407,2360.5,12.0,1,1,0.0
8048,2477,2369.0,11.9,1,1,0.0
8052,2322,2365.25,12.0,1,1,0.0
8056,2225,2349.25,12.1,1,1,0.0
8060,2422,2370.5,12.4,1,1,0.0
8064,2525,2384.25,12.1,1,1,0.0
8068,2497,2408.0,12.0,1,1,0.0
8072,2441,2414.5,12.4,1,1,0.0
8076,2404,2414.12,11.9,1,1,0.0
8080,2488,2415.5,11.8,1,1,0.0
8084,2387,2423.62,12.0,1,1,0.0
8088,2479,2455.38,12.1,1,1,0.0
8092,2486,2463.38,12.0,1,1,0.0
8096,2524,2463.25,11.9,1,1,0.0
8100,2631,2480.0,12.0,1,1,0.0
8104,2493,2486.5,12.1,1,1,0.0
8108,2443,2491.38,12.1,1,1,0.0
8112,2475,2489.75,12.2,1,1,0.0
8116,2373,2488.0,12.2,1,1,0.0
8120,2440,2483.12,11.9,1,1,0.0
8124,2459,2479.75,12.2,1,1,0.0
8128,2453,2470.88,23.2,1,1,0.0
8132,2494,2453.75,12.5,1,1,0.0
8136,2435,2446.5,12.2,1,1,0.0
8140,2551,2460.0,12.0,1,1,0.0
8144,2483,2461.0,12.1,1,1,0.0
8148,2480,2474.38,12.1,1,1,0.0
8152,2458,2476.62,11.8,1,1,0.0
8156,2484,2479.75,11.9,1,1,0.0
8160,2521,2488.25,12.4,1,1,0.0
8164,2415,2478.38,12.3,1,1,0.0
8168,2423,2476.88,12.0,1,1,0.0
8172,2440,2463.0,11.8,1,1,0.0
8176,2372,2449.12,12.0,1,1,0.0
8180,2399,2439.0,12.0,1,1,0.0
8184,2414,2433.5,12.2,1,1,0.0
8188,2489,2434.12,11.7,1,1,0.0
8192,2447,2424.88,11.7,1,1,0.0
8196,2437,2427.62,11.8,1,1,0.0
8200,2471,2433.62,11.9,1,1,0.0
8204,2406,2429.38,11.9,1,1,0.0
8208,2433,2437.0,14.8,1,1,0.0
8212,2398,2436.88,12.7,1,1,0.0
8216,2415,2437.0,12.0,1,1,0.0
8220,2359,2420.75,11.9,1,1,0.0
8224,2243,2395.25,11.9,1,1,0.0
8228,2377,2387.75,12.0,1,1,0.0
8232,2467,2387.25,11.8,1,1,0.0
8236,2433,2390.62,12.0,1,1,0.0
8240,2432,2390.5,11.9,1,1,0.0
8244,2445,2396.38,12.1,1,1,0.0
8248,2374,2391.25,12.0,1,1,0.0
8252,2377,2393.5,11.9,1,1,0.0
8256,2326,2403.88,12.1,1,1,0.0
8260,2342,2399.5,12.3,1,1,0.0
8264,2396,2390.62,12.1,1,1,0.0
8268,2430,2390.25,12.0,1,1,0.0
8272,2347,2379.62,12.0,1,1,0.0
8276,2320,2364.0,12.1,1,1,0.0
8280,2347,2360.62,12.0,1,1,0.0
8284,2383,2361.38,12.2,1,1,0.0
8288,2260,2353.12,12.0,1,1,0.0
8292,2209,2336.5,12.0,1,1,0.0
8296,2314,2326.25,12.1,1,1,0.0
8300,2274,2306.75,12.4,1,1,0.0
8304,2316,2302.88,12.0,1,1,0.0
8308,2338,2305.12,12.0,1,1,0.0
8312,2320,2301.75,11.8,1,1,0.0
8316,2434,2308.12,12.0,1,1,0.0
8320,2367,2321.5,11.8,1,1,0.0
8324,2365,2341.0,12.0,1,1,0.0
8328,2385,2349.88,12.1,1,1,0.0
8332,2279,2350.5,12.3,1,1,0.0
8336,2410,2362.25,12.1,1,1,0.0
8340,2344,2363.0,12.3,1,1,0.0
8344,2389,2371.62,12.0,1,1,0.0
8348,2284,2352.88,11.8,1,1,0.0
8352,2256,2339.0,11.8,1,1,0.0
8356,2399,2343.25,11.8,1,1,0.0
8360,2373,2341.75,11.9,1,1,0.0
8364,2297,2344.0,12.1,1,1,0.0
8368,2300,2330.25,12.0,1,1,0.0
8372,2421,2339.88,11.9,1,1,0.0
8376,2283,2326.62,11.9,1,1,0.0
8380,2454,2347.88,15.7,1,1,0.0
8384,2303,2353.75,11.9,1,1,0.0
8388,2398,2353.62,12.2,1,1,0.0
8392,2342,2349.75,15.6,1,1,0.0
8396,2400,2362.62,12.5,1,1,0.0
8400,2334,2366.88,12.1,1,1,0.0
8404,2360,2359.25,13.5,1,1,0.0
8408,2375,2370.75,12.3,1,1,0.0
8412,2316,2353.5,12.3,1,1,0.0
8416,2424,2368.62,12.1,1,1,0.0
8420,2353,2363.0,12.1,1,1,0.0
8424,2374,2367.0,12.1,1,1,0.0
8428,2332,2358.5,11.9,1,1,0.0
8432,2243,2347.12,12.2,1,1,0.0
8436,2390,2350.88,12.1,1,1,0.0
8440,2551,2372.88,11.9,1,1,0.0
8444,2458,2390.62,11.9,1,1,0.0
8448,2414,2389.38,12.0,1,1,0.0
8452,2404,2395.75,11.8,1,1,0.0
8456,2425,2402.12,12.1,1,1,0.0
8460,2460,2418.12,12.2,1,1,0.0
8464,2360,2432.75,12.3,1,1,0.0
8468,2501,2446.62,11.9,1,1,0.0
8472,2480,2437.75,11.9,1,1,0.0
8476,2483,2440.88,12.0,1,1,0.0
8480,2468,2447.62,12.2,1,1,0.0
8484,2444,2452.62,12.1,1,1,0.0
8488,2483,2459.88,12.3,1,1,0.0
8492,2479,2462.25,11.8,1,1,0.0
8496,2421,2469.88,12.0,1,1,0.0
8500,2407,2458.12,11.9,1,1,0.0
8504,2445,2453.75,12.7,1,1,0.0
8508,2530,2459.62,11.7,1,1,0.0
8512,2360,2446.12,11.9,1,1,0.0
8516,2343,2433.5,11.9,1,1,0.0
8520,2437,2427.75,12.2,1,1,0.0
8524,2426,2421.12,12.0,1,1,0.0
8528,2429,2422.12,12.0,1,1,0.0
8532,2429,2424.88,12.1,1,1,0.0
8536,2396,2418.75,11.9,1,1,0.0
8540,2495,2414.38,12.3,1,1,0.0
8544,2304,2407.38,11.9,1,1,0.0
8548,2346,2407.75,12.0,1,1,0.0
8552,2385,2401.25,12.0,1,1,0.0
8556,2289,2384.12,11.9,1,1,0.0
8560,2372,2377.0,12.0,1,1,0.0
8564,2479,2383.25,12.1,1,1,0.0
8568,2377,2380.88,11.8,1,1,0.0
8572,2386,2367.25,15.3,1,1,0.0
8576,2293,2365.88,15.8,1,1,0.0
8580,2329,2363.75,12.5,1,1,0.0
8584,2341,2358.25,12.1,1,1,0.0
8588,2342,2364.88,12.1,1,1,0.0
8592,2436,2372.88,12.1,1,1,0.0
8596,2391,2361.88,12.0,1,1,0.0
8600,2289,2350.88,11.8,1,1,0.0
8604,2369,2348.75,12.0,1,1,0.0
8608,2383,2360.0,12.0,1,1,0.0
8612,2420,2371.38,12.2,1,1,0.0
8616,2446,2384.5,12.0,1,1,0.0
8620,2289,2377.88,12.1,1,1,0.0
8624,2301,2361.0,12.1,1,1,0.0
8628,2273,2346.25,12.0,1,1,0.0
8632,2334,2351.88,12.0,1,1,0.0
8636,2375,2352.62,13.2,1,1,0.0
8640,2404,2355.25,12.0,1,1,0.0
8644,2339,2345.12,11.8,1,1,0.0
8648,2321,2329.5,12.7,1,1,0.0
8652,2346,2336.62,11.9,1,1,0.0
8656,2283,2334.38,11.9,1,1,0.0
8660,2453,2356.88,12.1,1,1,0.0
8664,2227,2343.5,12.0,1,1,0.0
8668,2330,2337.88,12.0,1,1,0.0
8672,2438,2342.12,11.9,1,1,0.0
8676,2319,2339.62,11.9,1,1,0.0
8680,2313,2338.62,12.1,1,1,0.0
8684,2317,2335.0,12.2,1,1,0.0
8688,2349,2343.25,12.2,1,1,0.0
8692,2474,2345.88,12.0,1,1,0.0
8696,2302,2355.25,12.0,1,1,0.0
8700,2579,2386.38,12.1,1,1,0.0
8704,2465,2389.75,12.1,1,1,0.0
8708,2605,2425.5,12.7,1,1,0.0
8712,2671,2470.25,11.9,1,1,0.0
8716,2809,2531.75,12.0,1,1,0.0
8720,2753,2582.25,11.9,1,1,0.0
8724,2945,2641.12,11.8,1,1,0.0
8728,3096,2740.38,12.1,1,1,0.0
8732,2936,2785.0,11.8,1,1,0.0
8736,3054,2858.62,12.0,1,1,0.0
8740,3008,2909.0,13.1,1,1,0.0
8744,3058,2957.38,12.1,1,1,0.0
8748,2999,2981.12,11.8,1,1,0.0
8752,2907,3000.38,12.3,1,1,0.0
8756,2909,2995.88,12.0,1,1,0.0
8760,2913,2973.0,15.9,1,1,0.0
8764,2714,2945.25,18.1,1,1,0.0
8768,2689,2899.62,20.4,1,1,0.0
8772,2494,2835.38,20.6,1,1,0.0
8776,2449,2759.25,12.9,1,1,0.0
8780,2479,2694.25,12.0,1,1,0.0
8784,2497,2643.0,12.8,1,1,0.0
8788,2398,2579.12,12.0,1,1,0.0
8792,2337,2507.12,16.4,1,1,0.0
8796,2344,2460.88,12.5,1,1,0.0
8800,2265,2407.88,12.3,1,1,0.0
8804,2376,2393.12,12.3,1,1,0.0
8808,2397,2386.62,12.4,1,1,0.0
8812,2322,2367.0,13.0,1,1,0.0
8816,2327,2345.75,12.3,1,1,0.0
8820,2378,2343.25,12.4,1,1,0.0
8824,2341,2343.75,12.8,1,1,0.0
8828,2369,2346.88,12.1,1,1,0.0
8832,2505,2376.88,12.2,1,1,0.0
8836,2369,2376.0,16.2,1,1,0.0
8840,2368,2372.38,12.4,1,1,0.0
8844,2356,2376.62,12.2,1,1,0.0
8848,2445,2391.38,12.0,1,1,0.0
8852,2396,2393.62,15.9,1,1,0.0
8856,2374,2397.75,12.7,1,1,0.0
8860,2498,2413.88,12.1,1,1,0.0
8864,2511,2414.62,16.0,1,1,0.0
8868,2397,2418.12,16.0,1,1,0.0
8872,2328,2413.12,16.7,1,1,0.0
8876,2507,2432.0,12.3,1,1,0.0
8880,2413,2428.0,11.8,1,1,0.0
8884,2509,2442.12,11.7,1,1,0.0
8888,2350,2439.12,12.5,1,1,0.0
8892,2529,2443.0,13.3,1,1,0.0
8896,2409,2430.25,11.8,1,1,0.0
8900,2532,2447.12,11.8,1,1,0.0
8904,2495,2468.0,12.8,1,1,0.0
8908,2443,2460.0,12.4,1,1,0.0
8912,2481,2468.5,13.8,1,1,0.0
8916,2551,2473.75,12.5,1,1,0.0
8920,2520,2495.0,14.0,1,1,0.0
8924,2552,2497.88,20.5,1,1,0.0
8928,2638,2526.5,14.0,1,1,0.0
8932,2428,2513.5,12.5,1,1,0.0
8936,2620,2529.12,12.3,1,1,0.0
8940,2529,2539.88,12.1,1,1,0.0
8944,2469,2538.38,12.5,1,1,0.0
8948,2441,2524.62,12.3,1,1,0.0
8952,2508,2523.12,12.5,1,1,0.0
8956,2572,2525.62,12.4,1,1,0.0
8960,2505,2509.0,12.3,1,1,0.0
8964,2599,2530.38,12.3,1,1,0.0
8968,2417,2505.0,19.7,1,1,0.0
8972,2498,2501.12,21.0,1,1,0.0
8976,2417,2494.62,25.7,1,1,0.0
8980,2508,2503.0,18.7,1,1,0.0
8984,2533,2506.12,13.2,1,1,0.0
8988,2447,2490.5,12.6,1,1,0.0
8992,2309,2466.0,12.3,1,1,0.0
8996,2470,2449.88,12.7,1,1,0.0
9000,2477,2457.38,12.2,1,1,0.0
9004,2468,2453.62,12.4,1,1,0.0
9008,2510,2465.25,12.3,1,1,0.0
9012,2365,2447.38,13.1,1,1,0.0
9016,2463,2438.62,12.5,1,1,0.0
9020,2487,2443.62,12.4,1,1,0.0
9024,2302,2442.75,12.2,1,1,0.0
9028,2422,2436.75,12.1,1,1,0.0
9032,2367,2423.0,12.2,1,1,0.0
9036,2386,2412.75,12.2,1,1,0.0
9040,2407,2399.88,11.8,1,1,0.0
9044,2352,2398.25,12.1,1,1,0.0
9048,2336,2382.38,12.4,1,1,0.0
9052,2375,2368.38,12.0,1,1,0.0
9056,2304,2368.62,12.0,1,1,0.0
9060,2300,2353.38,12.2,1,1,0.0
9064,2403,2357.88,12.2,1,1,0.0
9068,2290,2345.88,11.9,1,1,0.0
9072,2397,2344.62,12.2,1,1,0.0
9076,2382,2348.38,12.1,1,1,0.0
9080,2249,2337.5,12.3,1,1,0.0
9084,2310,2329.38,14.1,1,1,0.0
9088,2421,2344.0,13.6,1,1,0.0
9092,2289,2342.62,13.7,1,1,0.0
9096,2319,2332.12,12.2,1,1,0.0
9100,2373,2342.5,11.9,1,1,0.0
9104,2392,2341.88,12.3,1,1,0.0
9108,2329,2335.25,12.3,1,1,0.0
9112,2307,2342.5,12.3,1,1,0.0
9116,2428,2357.25,12.3,1,1,0.0
9120,2446,2360.38,12.3,1,1,0.0
9124,2400,2374.25,12.4,1,1,0.0
9128,2346,2377.62,12.0,1,1,0.0
9132,2292,2367.5,12.2,1,1,0.0
9136,2291,2354.88,12.2,1,1,0.0
9140,2372,2360.25,12.0,1,1,0.0
9144,2365,2367.5,12.5,1,1,0.0
9148,2424,2367.0,18.5,1,1,0.0
9152,2379,2358.62,12.1,1,1,0.0
9156,2249,2339.75,12.0,1,1,0.0
9160,2402,2346.75,12.4,1,1,0.0
9164,2279,2345.12,12.3,1,1,0.0
9168,2316,2348.25,12.4,1,1,0.0
9172,2354,2346.0,12.4,1,1,0.0
9176,2458,2357.62,12.5,1,1,0.0
9180,2525,2370.25,12.5,1,1,0.0
9184,2375,2369.75,12.4,1,1,0.0
9188,2327,2379.5,12.2,1,1,0.0
9192,2370,2375.5,12.4,1,1,0.0
9196,2391,2389.5,12.1,1,1,0.0
9200,2319,2389.88,12.4,1,1,0.0
9204,2446,2401.38,12.2,1,1,0.0
9208,2352,2388.12,12.5,1,1,0.0
9212,2368,2368.5,12.1,1,1,0.0
9216,2378,2368.88,12.1,1,1,0.0
9220,2363,2373.38,12.3,1,1,0.0
9224,2388,2375.62,12.1,1,1,0.0
9228,2300,2364.25,12.2,1,1,0.0
9232,2304,2362.38,12.0,1,1,0.0
9236,2271,2340.5,12.3,1,1,0.0
9240,2363,2341.88,12.0,1,1,0.0
9244,2384,2343.88,12.3,1,1,0.0
9248,2364,2342.12,12.1,1,1,0.0
9252,2437,2351.38,13.6,1,1,0.0
9256,2337,2345.0,12.3,1,1,0.0
9260,2377,2354.62,12.1,1,1,0.0
9264,2271,2350.5,16.1,1,1,0.0
9268,2314,2355.88,12.6,1,1,0.0
9272,2379,2357.88,12.0,1,1,0.0
9276,2388,2358.38,12.2,1,1,0.0
9280,2320,2352.88,12.2,1,1,0.0
9284,2334,2340.0,12.3,1,1,0.0
9288,2247,2328.75,12.2,1,1,0.0
9292,2317,2321.25,12.0,1,1,0.0
9296,2393,2336.5,12.2,1,1,0.0
9300,2375,2344.12,12.0,1,1,0.0
9304,2371,2343.12,12.1,1,1,0.0
9308,2345,2337.75,12.1,1,1,0.0
9312,2344,2340.75,11.9,1,1,0.0
9316,2305,2337.12,12.1,1,1,0.0
9320,2389,2354.88,11.9,1,1,0.0
9324,2374,2362.0,12.7,1,1,0.0
9328,2380,2360.38,12.0,1,1,0.0
9332,2322,2353.75,12.0,1,1,0.0
9336,2227,2335.75,12.2,1,1,0.0
9340,2424,2345.62,12.0,1,1,0.0
9344,2333,2344.25,12.2,1,1,0.0
9348,2313,2345.25,12.2,1,1,0.0
9352,2410,2347.88,12.0,1,1,0.0
9356,2349,2344.75,12.0,1,1,0.0
9360,2440,2352.25,12.1,1,1,0.0
9364,2417,2364.12,12.2,1,1,0.0
9368,2425,2388.88,12.2,1,1,0.0
9372,2306,2374.12,12.1,1,1,0.0
9376,2465,2390.62,12.3,1,1,0.0
9380,2411,2402.88,12.2,1,1,0.0
9384,2377,2398.75,12.2,1,1,0.0
9388,2411,2406.5,12.2,1,1,0.0
9392,2299,2388.88,12.1,1,1,0.0
9396,2433,2390.88,12.3,1,1,0.0
9400,2349,2381.38,13.2,1,1,0.0
9404,2332,2384.62,12.0,1,1,0.0
9408,2323,2366.88,12.0,1,1,0.0
9412,2483,2375.88,12.1,1,1,0.0
9416,2378,2376.0,12.2,1,1,0.0
9420,2508,2388.12,13.4,1,1,0.0
9424,2383,2398.62,12.4,1,1,0.0
9428,2312,2383.5,12.4,1,1,0.0
9432,2346,2383.12,12.2,1,1,0.0
9436,2485,2402.25,12.2,1,1,0.0
9440,2399,2411.75,12.4,1,1,0.0
9444,2372,2397.88,11.9,1,1,0.0
9448,2411,2402.0,15.9,1,1,0.0
9452,2428,2392.0,12.5,1,1,0.0
9456,2461,2401.75,12.2,1,1,0.0
9460,2477,2422.38,12.4,1,1,0.0
9464,2364,2424.62,12.2,1,1,0.0
9468,2302,2401.75,12.2,1,1,0.0
9472,2353,2396.0,12.0,1,1,0.0
9476,2389,2398.12,12.0,1,1,0.0
9480,2311,2385.62,12.3,1,1,0.0
9484,2308,2370.62,12.0,1,1,0.0
9488,2382,2360.75,12.2,1,1,0.0
9492,2355,2345.5,12.2,1,1,0.0
9496,2356,2344.5,12.5,1,1,0.0
9500,2305,2344.88,12.0,1,1,0.0
9504,2334,2342.5,12.3,1,1,0.0
9508,2290,2330.12,12.2,1,1,0.0
9512,2396,2340.75,12.1,1,1,0.0
9516,2403,2352.62,12.1,1,1,0.0
9520,2228,2333.38,12.2,1,1,0.0
9524,2281,2324.12,12.0,1,1,0.0
9528,2245,2310.25,12.7,1,1,0.0
9532,2295,2309.0,12.2,1,1,0.0
9536,2327,2308.12,12.3,1,1,0.0
9540,2244,2302.38,12.1,1,1,0.0
9544,2275,2287.25,12.3,1,1,0.0
9548,2269,2270.5,12.2,1,1,0.0
9552,2341,2284.62,12.3,1,1,0.0
9556,2332,2291.0,12.1,1,1,0.0
9560,2284,2295.88,12.3,1,1,0.0
9564,2336,2301.0,12.1,1,1,0.0
9568,2292,2296.62,12.2,1,1,0.0
9572,2306,2304.38,12.3,1,1,0.0
9576,2421,2322.62,12.2,1,1,0.0
9580,2398,2338.75,12.1,1,1,0.0
9584,2235,2325.5,12.1,1,1,0.0
9588,2359,2328.88,12.1,1,1,0.0
9592,2353,2337.5,13.1,1,1,0.0
9596,2232,2324.5,12.3,1,1,0.0
9600,2347,2331.38,12.3,1,1,0.0
9604,2391,2342.0,12.5,1,1,0.0
9608,2235,2318.75,12.2,1,1,0.0
9612,2258,2301.25,12.4,1,1,0.0
9616,2391,2320.75,12.0,1,1,0.0
9620,2373,2322.5,12.1,1,1,0.0
9624,2425,2331.5,12.1,1,1,0.0
9628,2457,2359.62,11.9,1,1,0.0
9632,2514,2380.5,15.9,1,1,0.0
9636,2472,2390.62,13.0,1,1,0.0
9640,2681,2446.38,12.3,1,1,0.0
9644,2757,2508.75,12.4,1,1,0.0
9648,2740,2552.38,12.0,1,1,0.0
9652,2814,2607.5,12.0,1,1,0.0
9656,2778,2651.62,13.3,1,1,0.0
9660,2942,2712.25,12.0,1,1,0.0
9664,2971,2769.38,12.0,1,1,0.0
9668,2942,2828.12,11.9,1,1,0.0
9672,3004,2868.5,17.1,1,1,0.0
9676,2889,2885.0,12.3,1,1,0.0
9680,2900,2905.0,12.1,1,1,0.0
9684,2748,2896.75,12.3,1,1,0.0
9688,2743,2892.38,12.0,1,1,0.0
9692,2663,2857.5,12.2,1,1,0.0
9696,2617,2813.25,12.1,1,1,0.0
9700,2514,2759.75,11.9,1,1,0.0
9704,2467,2692.62,12.0,1,1,0.0
9708,2473,2640.62,12.5,1,1,0.0
9712,2357,2572.75,12.3,1,1,0.0
9716,2256,2511.25,12.2,1,1,0.0
9720,2437,2473.0,12.0,1,1,0.0
9724,2403,2440.5,12.0,1,1,0.0
9728,2237,2393.0,12.1,1,1,0.0
9732,2355,2373.12,12.7,1,1,0.0
9736,2286,2350.5,12.1,1,1,0.0
9740,2336,2333.38,12.1,1,1,0.0
9744,2344,2331.75,12.2,1,1,0.0
9748,2317,2339.38,12.1,1,1,0.0
9752,2290,2321.0,12.0,1,1,0.0
9756,2300,2308.12,12.1,1,1,0.0
9760,2291,2314.88,12.4,1,1,0.0
9764,2301,2308.12,13.6,1,1,0.0
9768,2352,2316.38,12.4,1,1,0.0
9772,2317,2314.0,12.1,1,1,0.0
9776,2406,2321.75,12.0,1,1,0.0
9780,2460,2339.62,12.4,1,1,0.0
9784,2341,2346.0,12.2,1,1,0.0
9788,2395,2357.88,12.2,1,1,0.0
9792,2417,2373.62,12.1,1,1,0.0
9796,2421,2388.62,12.0,1,1,0.0
9800,2403,2395.0,11.8,1,1,0.0
9804,2450,2411.62,12.2,1,1,0.0
9808,2440,2415.88,12.1,1,1,0.0
9812,2343,2401.25,12.2,1,1,0.0
9816,2476,2418.12,12.7,1,1,0.0
9820,2483,2429.12,12.1,1,1,0.0
9824,2390,2425.75,12.2,1,1,0.0
9828,2444,2428.62,11.9,1,1,0.0
9832,2488,2439.25,12.2,1,1,0.0
9836,2439,2437.88,12.1,1,1,0.0
9840,2521,2448.0,11.9,1,1,0.0
9844,2602,2480.38,12.0,1,1,0.0
9848,2417,2473.0,12.0,1,1,0.0
9852,2384,2460.62,11.9,1,1,0.0
9856,2487,2472.75,11.8,1,1,0.0
9860,2514,2481.5,12.1,1,1,0.0
9864,2458,2477.75,12.3,1,1,0.0
9868,2559,2492.75,12.0,1,1,0.0
9872,2391,2476.5,12.1,1,1,0.0
9876,2512,2465.25,12.4,1,1,0.0
9880,2432,2467.12,12.1,1,1,0.0
9884,2569,2490.25,12.1,1,1,0.0
9888,2583,2502.25,12.1,1,1,0.0
9892,2413,2489.62,12.3,1,1,0.0
9896,2422,2485.12,12.0,1,1,0.0
9900,2502,2478.0,12.1,1,1,0.0
9904,2422,2481.88,12.1,1,1,0.0
9908,2437,2472.5,12.0,1,1,0.0
9912,2435,2472.88,13.1,1,1,0.0
9916,2312,2440.75,11.9,1,1,0.0
9920,2420,2420.38,13.5,1,1,0.0
9924,2373,2415.38,12.3,1,1,0.0
9928,2378,2409.88,12.4,1,1,0.0
9932,2487,2408.0,16.2,1,1,0.0
9936,2319,2395.12,13.1,1,1,0.0
9940,2437,2395.12,12.4,1,1,0.0
9944,2365,2386.38,12.3,1,1,0.0
9948,2358,2392.12,12.3,1,1,0.0
9952,2417,2391.75,12.4,1,1,0.0
9956,2384,2393.12,12.2,1,1,0.0
9960,2392,2394.88,12.3,1,1,0.0
9964,2411,2385.38,12.3,1,1,0.0
9968,2328,2386.5,12.1,1,1,0.0
9972,2307,2370.25,12.4,1,1,0.0
9976,2274,2358.88,12.4,1,1,0.0
9980,2286,2349.88,12.1,1,1,0.0
9984,2509,2361.38,12.3,1,1,0.0
9988,2404,2363.88,12.4,1,1,0.0
9992,2245,2345.5,12.2,1,1,0.0
9996,2244,2324.62,13.6,1,1,0.0
